Data;Hora ;TEMPERATURA 
01/01/2024;0;18,9
01/01/2024;01:00;19
01/01/2024;02:00;19
01/01/2024;03:00;18,9
01/01/2024;04:00;18,8
01/01/2024;05:00;18,7
01/01/2024;06:00;18,6
01/01/2024;07:00;18,5
01/01/2024;08:00;18,6
01/01/2024;09:00;18,4
01/01/2024;10:00;18,7
01/01/2024;11:00;19,6
01/01/2024;12:00;20,6
01/01/2024;13:00;21,1
01/01/2024;14:00;21,3
01/01/2024;15:00;21,5
01/01/2024;16:00;22,3
01/01/2024;17:00;22,4
01/01/2024;18:00;23,7
01/01/2024;19:00;23,7
01/01/2024;20:00;22,7
01/01/2024;21:00;21,8
01/01/2024;22:00;21,2
01/01/2024;23:00;20,2
02/01/2024;00:00;19,7
02/01/2024;01:00;19,8
02/01/2024;02:00;19,8
02/01/2024;03:00;19,6
02/01/2024;04:00;19,3
02/01/2024;05:00;19,4
02/01/2024;06:00;19,5
02/01/2024;07:00;19,7
02/01/2024;08:00;20
02/01/2024;09:00;19,9
02/01/2024;10:00;20,1
02/01/2024;11:00;20,7
02/01/2024;12:00;22,5
02/01/2024;13:00;24
02/01/2024;14:00;25,5
02/01/2024;15:00;26,2
02/01/2024;16:00;26,6
02/01/2024;17:00;26,5
02/01/2024;18:00;25
02/01/2024;19:00;22,1
02/01/2024;20:00;22,2
02/01/2024;21:00;21,7
02/01/2024;22:00;20,8
02/01/2024;23:00;20,4
03/01/2024;00:00;20,1
03/01/2024;01:00;20,3
03/01/2024;02:00;20,3
03/01/2024;03:00;20,4
03/01/2024;04:00;20,4
03/01/2024;05:00;20,6
03/01/2024;06:00;21,1
03/01/2024;07:00;21,1
03/01/2024;08:00;21,1
03/01/2024;09:00;20,9
03/01/2024;10:00;22,3
03/01/2024;11:00;24,1
03/01/2024;12:00;25,3
03/01/2024;13:00;27,5
03/01/2024;14:00;28,2
03/01/2024;15:00;29,8
03/01/2024;16:00;31,7
03/01/2024;17:00;27,3
03/01/2024;18:00;23,7
03/01/2024;19:00;21,7
03/01/2024;20:00;21,3
03/01/2024;21:00;21,2
03/01/2024;22:00;21,5
03/01/2024;23:00;21
04/01/2024;00:00;20,9
04/01/2024;01:00;21,1
04/01/2024;02:00;21
04/01/2024;03:00;20,7
04/01/2024;04:00;20,2
04/01/2024;05:00;19,9
04/01/2024;06:00;19,4
04/01/2024;07:00;19,2
04/01/2024;08:00;19
04/01/2024;09:00;19,2
04/01/2024;10:00;20,1
04/01/2024;11:00;20,6
04/01/2024;12:00;21,8
04/01/2024;13:00;22,9
04/01/2024;14:00;22,9
04/01/2024;15:00;23,5
04/01/2024;16:00;23
04/01/2024;17:00;22,8
04/01/2024;18:00;22,5
04/01/2024;19:00;23,6
04/01/2024;20:00;22,1
04/01/2024;21:00;20,8
04/01/2024;22:00;20,6
04/01/2024;23:00;20,1
05/01/2024;00:00;19,5
05/01/2024;01:00;19,3
05/01/2024;02:00;19,6
05/01/2024;03:00;19,4
05/01/2024;04:00;19,4
05/01/2024;05:00;19,3
05/01/2024;06:00;19,3
05/01/2024;07:00;19,3
05/01/2024;08:00;19,5
05/01/2024;09:00;19,4
05/01/2024;10:00;19,6
05/01/2024;11:00;20,4
05/01/2024;12:00;22
05/01/2024;13:00;23
05/01/2024;14:00;24,2
05/01/2024;15:00;25,4
05/01/2024;16:00;25,3
05/01/2024;17:00;25,3
05/01/2024;18:00;25,5
05/01/2024;19:00;22,9
05/01/2024;20:00;22,8
05/01/2024;21:00;22
05/01/2024;22:00;21,1
05/01/2024;23:00;20,6
06/01/2024;00:00;20,3
06/01/2024;01:00;19,9
06/01/2024;02:00;19,8
06/01/2024;03:00;19,9
06/01/2024;04:00;19,8
06/01/2024;05:00;19,5
06/01/2024;06:00;19
06/01/2024;07:00;19,3
06/01/2024;08:00;19,4
06/01/2024;09:00;19,4
06/01/2024;10:00;19,5
06/01/2024;11:00;19,9
06/01/2024;12:00;21,7
06/01/2024;13:00;22,9
06/01/2024;14:00;24,3
06/01/2024;15:00;25,1
06/01/2024;16:00;25,3
06/01/2024;17:00;25
06/01/2024;18:00;24,5
06/01/2024;19:00;24,4
06/01/2024;20:00;23,4
06/01/2024;21:00;22,1
06/01/2024;22:00;21,5
06/01/2024;23:00;20,6
07/01/2024;00:00;20,2
07/01/2024;01:00;20,2
07/01/2024;02:00;20,1
07/01/2024;03:00;20,2
07/01/2024;04:00;20,4
07/01/2024;05:00;20,3
07/01/2024;06:00;20,2
07/01/2024;07:00;19,9
07/01/2024;08:00;19,6
07/01/2024;09:00;19,7
07/01/2024;10:00;21,2
07/01/2024;11:00;23,2
07/01/2024;12:00;24,9
07/01/2024;13:00;26,9
07/01/2024;14:00;29,1
07/01/2024;15:00;30,7
07/01/2024;16:00;31,3
07/01/2024;17:00;32,3
07/01/2024;18:00;28,5
07/01/2024;19:00;24,6
07/01/2024;20:00;23,7
07/01/2024;21:00;23
07/01/2024;22:00;21,7
07/01/2024;23:00;21,5
08/01/2024;00:00;21
08/01/2024;01:00;20,8
08/01/2024;02:00;20,9
08/01/2024;03:00;21,2
08/01/2024;04:00;21,5
08/01/2024;05:00;21,9
08/01/2024;06:00;21,7
08/01/2024;07:00;21,8
08/01/2024;08:00;21,9
08/01/2024;09:00;21,7
08/01/2024;10:00;23,9
08/01/2024;11:00;26,9
08/01/2024;12:00;29,2
08/01/2024;13:00;31,2
08/01/2024;14:00;32,6
08/01/2024;15:00;34,1
08/01/2024;16:00;34,7
08/01/2024;17:00;34,8
08/01/2024;18:00;32,6
08/01/2024;19:00;27,2
08/01/2024;20:00;26,1
08/01/2024;21:00;25
08/01/2024;22:00;24,6
08/01/2024;23:00;24,3
09/01/2024;00:00;21,6
09/01/2024;01:00;21,7
09/01/2024;02:00;22,2
09/01/2024;03:00;22,3
09/01/2024;04:00;22,5
09/01/2024;05:00;21,6
09/01/2024;06:00;21,2
09/01/2024;07:00;21,8
09/01/2024;08:00;21,7
09/01/2024;09:00;21
09/01/2024;10:00;22,2
09/01/2024;11:00;23,9
09/01/2024;12:00;26,8
09/01/2024;13:00;27,8
09/01/2024;14:00;30,3
09/01/2024;15:00;31,8
09/01/2024;16:00;32,8
09/01/2024;17:00;33,8
09/01/2024;18:00;33,2
09/01/2024;19:00;32,2
09/01/2024;20:00;28,1
09/01/2024;21:00;27,4
09/01/2024;22:00;26,4
09/01/2024;23:00;25
10/01/2024;00:00;25,1
10/01/2024;01:00;25
10/01/2024;02:00;24,9
10/01/2024;03:00;25,5
10/01/2024;04:00;23,8
10/01/2024;05:00;23,2
10/01/2024;06:00;23,5
10/01/2024;07:00;22,3
10/01/2024;08:00;21,9
10/01/2024;09:00;21,3
10/01/2024;10:00;23,3
10/01/2024;11:00;25,5
10/01/2024;12:00;28,1
10/01/2024;13:00;30,3
10/01/2024;14:00;31,3
10/01/2024;15:00;32,4
10/01/2024;16:00;32,8
10/01/2024;17:00;34
10/01/2024;18:00;34,7
10/01/2024;19:00;33,5
10/01/2024;20:00;28,6
10/01/2024;21:00;25,8
10/01/2024;22:00;23,9
10/01/2024;23:00;23,5
11/01/2024;00:00;23,1
11/01/2024;01:00;22,7
11/01/2024;02:00;22,7
11/01/2024;03:00;21,9
11/01/2024;04:00;21,9
11/01/2024;05:00;21,6
11/01/2024;06:00;21,4
11/01/2024;07:00;21,2
11/01/2024;08:00;20,9
11/01/2024;09:00;20,5
11/01/2024;10:00;21,9
11/01/2024;11:00;24,1
11/01/2024;12:00;26,3
11/01/2024;13:00;27,4
11/01/2024;14:00;29,3
11/01/2024;15:00;30
11/01/2024;16:00;31,5
11/01/2024;17:00;31,8
11/01/2024;18:00;32,6
11/01/2024;19:00;32,6
11/01/2024;20:00;32
11/01/2024;21:00;31,3
11/01/2024;22:00;22,9
11/01/2024;23:00;23
12/01/2024;00:00;22,7
12/01/2024;01:00;24,5
12/01/2024;02:00;24,3
12/01/2024;03:00;22,4
12/01/2024;04:00;21,9
12/01/2024;05:00;22,5
12/01/2024;06:00;22,5
12/01/2024;07:00;22,5
12/01/2024;08:00;21,1
12/01/2024;09:00;21
12/01/2024;10:00;21,9
12/01/2024;11:00;22,6
12/01/2024;12:00;22,9
12/01/2024;13:00;24
12/01/2024;14:00;25,7
12/01/2024;15:00;28
12/01/2024;16:00;28,8
12/01/2024;17:00;25,9
12/01/2024;18:00;26,7
12/01/2024;19:00;27,2
12/01/2024;20:00;25,6
12/01/2024;21:00;24,9
12/01/2024;22:00;21,6
12/01/2024;23:00;21,5
13/01/2024;00:00;21,2
13/01/2024;01:00;21,4
13/01/2024;02:00;21,2
13/01/2024;03:00;21
13/01/2024;04:00;20,7
13/01/2024;05:00;20,6
13/01/2024;06:00;20,7
13/01/2024;07:00;20,4
13/01/2024;08:00;20,1
13/01/2024;09:00;20
13/01/2024;10:00;20
13/01/2024;11:00;20,3
13/01/2024;12:00;20,8
13/01/2024;13:00;21,4
13/01/2024;14:00;21,3
13/01/2024;15:00;21,5
13/01/2024;16:00;21,4
13/01/2024;17:00;21,2
13/01/2024;18:00;19,8
13/01/2024;19:00;19,8
13/01/2024;20:00;19,6
13/01/2024;21:00;18,9
13/01/2024;22:00;18,8
13/01/2024;23:00;18,4
14/01/2024;00:00;18,3
14/01/2024;01:00;18,3
14/01/2024;02:00;18,3
14/01/2024;03:00;18,3
14/01/2024;04:00;18,4
14/01/2024;05:00;18,3
14/01/2024;06:00;17,9
14/01/2024;07:00;17,6
14/01/2024;08:00;17,3
14/01/2024;09:00;17,4
14/01/2024;10:00;19,7
14/01/2024;11:00;21,6
14/01/2024;12:00;22,9
14/01/2024;13:00;25,3
14/01/2024;14:00;27,1
14/01/2024;15:00;28,8
14/01/2024;16:00;30,2
14/01/2024;17:00;31,9
14/01/2024;18:00;32
14/01/2024;19:00;25,7
14/01/2024;20:00;25
14/01/2024;21:00;22,2
14/01/2024;22:00;21,3
14/01/2024;23:00;20,8
15/01/2024;00:00;20,7
15/01/2024;01:00;21
15/01/2024;02:00;20,7
15/01/2024;03:00;20,8
15/01/2024;04:00;20,9
15/01/2024;05:00;21,2
15/01/2024;06:00;20,9
15/01/2024;07:00;21
15/01/2024;08:00;21
15/01/2024;09:00;20,9
15/01/2024;10:00;23,1
15/01/2024;11:00;25,7
15/01/2024;12:00;26,7
15/01/2024;13:00;28,1
15/01/2024;14:00;29,9
15/01/2024;15:00;30,8
15/01/2024;16:00;31,8
15/01/2024;17:00;32
15/01/2024;18:00;32,5
15/01/2024;19:00;33,2
15/01/2024;20:00;33,1
15/01/2024;21:00;31
15/01/2024;22:00;29,6
15/01/2024;23:00;28,7
16/01/2024;00:00;27,9
16/01/2024;01:00;26,6
16/01/2024;02:00;25,3
16/01/2024;03:00;24,9
16/01/2024;04:00;24,3
16/01/2024;05:00;24,1
16/01/2024;06:00;24
16/01/2024;07:00;23,7
16/01/2024;08:00;22,9
16/01/2024;09:00;22,7
16/01/2024;10:00;25,6
16/01/2024;11:00;26,8
16/01/2024;12:00;28,5
16/01/2024;13:00;29,8
16/01/2024;14:00;30,7
16/01/2024;15:00;31,7
16/01/2024;16:00;32,5
16/01/2024;17:00;33,7
16/01/2024;18:00;33,9
16/01/2024;19:00;33,8
16/01/2024;20:00;33,8
16/01/2024;21:00;33
16/01/2024;22:00;31,8
16/01/2024;23:00;29,6
17/01/2024;00:00;26,3
17/01/2024;01:00;25,5
17/01/2024;02:00;25,6
17/01/2024;03:00;25,5
17/01/2024;04:00;25,6
17/01/2024;05:00;25,6
17/01/2024;06:00;25,1
17/01/2024;07:00;24,6
17/01/2024;08:00;24,1
17/01/2024;09:00;24,1
17/01/2024;10:00;26,2
17/01/2024;11:00;28,2
17/01/2024;12:00;29,8
17/01/2024;13:00;31,2
17/01/2024;14:00;32,6
17/01/2024;15:00;32,8
17/01/2024;16:00;33,7
17/01/2024;17:00;34
17/01/2024;18:00;33,4
17/01/2024;19:00;25,3
17/01/2024;20:00;24,8
17/01/2024;21:00;23,5
17/01/2024;22:00;23,1
17/01/2024;23:00;22,9
18/01/2024;00:00;22,5
18/01/2024;01:00;22,3
18/01/2024;02:00;22,4
18/01/2024;03:00;22,7
18/01/2024;04:00;22,6
18/01/2024;05:00;22,4
18/01/2024;06:00;22,2
18/01/2024;07:00;22,1
18/01/2024;08:00;22,1
18/01/2024;09:00;22,1
18/01/2024;10:00;23,5
18/01/2024;11:00;25,5
18/01/2024;12:00;27
18/01/2024;13:00;29,7
18/01/2024;14:00;30,9
18/01/2024;15:00;33,5
18/01/2024;16:00;33,6
18/01/2024;17:00;33,4
18/01/2024;18:00;30,4
18/01/2024;19:00;27
18/01/2024;20:00;24
18/01/2024;21:00;23,3
18/01/2024;22:00;23,3
18/01/2024;23:00;23
19/01/2024;00:00;23,2
19/01/2024;01:00;23,9
19/01/2024;02:00;24
19/01/2024;03:00;22,1
19/01/2024;04:00;22,1
19/01/2024;05:00;21,5
19/01/2024;06:00;21
19/01/2024;07:00;21,4
19/01/2024;08:00;21
19/01/2024;09:00;20,4
19/01/2024;10:00;21,8
19/01/2024;11:00;23
19/01/2024;12:00;25,6
19/01/2024;13:00;26,3
19/01/2024;14:00;27,1
19/01/2024;15:00;28,6
19/01/2024;16:00;29,6
19/01/2024;17:00;30,6
19/01/2024;18:00;32,2
19/01/2024;19:00;32
19/01/2024;20:00;32,5
19/01/2024;21:00;31,1
19/01/2024;22:00;24
19/01/2024;23:00;23,3
20/01/2024;00:00;22,8
20/01/2024;01:00;22,7
20/01/2024;02:00;22,8
20/01/2024;03:00;23,3
20/01/2024;04:00;23,2
20/01/2024;05:00;22,9
20/01/2024;06:00;22,9
20/01/2024;07:00;22,2
20/01/2024;08:00;22
20/01/2024;09:00;21,3
20/01/2024;10:00;21,7
20/01/2024;11:00;22,9
20/01/2024;12:00;24,1
20/01/2024;13:00;26,2
20/01/2024;14:00;27,7
20/01/2024;15:00;29,1
20/01/2024;16:00;29,3
20/01/2024;17:00;28,6
20/01/2024;18:00;29,8
20/01/2024;19:00;27,3
20/01/2024;20:00;26,5
20/01/2024;21:00;26,1
20/01/2024;22:00;22,3
20/01/2024;23:00;20,6
21/01/2024;00:00;20,8
21/01/2024;01:00;20,8
21/01/2024;02:00;20,8
21/01/2024;03:00;21,1
21/01/2024;04:00;21,3
21/01/2024;05:00;21,4
21/01/2024;06:00;20,9
21/01/2024;07:00;20,8
21/01/2024;08:00;20,7
21/01/2024;09:00;20,6
21/01/2024;10:00;20,9
21/01/2024;11:00;22,5
21/01/2024;12:00;23,7
21/01/2024;13:00;24,2
21/01/2024;14:00;24,3
21/01/2024;15:00;26,1
21/01/2024;16:00;25,1
21/01/2024;17:00;24,3
21/01/2024;18:00;23,8
21/01/2024;19:00;22,3
21/01/2024;20:00;21,3
21/01/2024;21:00;21,2
21/01/2024;22:00;20,9
21/01/2024;23:00;20,3
22/01/2024;00:00;20,2
22/01/2024;01:00;20
22/01/2024;02:00;19,9
22/01/2024;03:00;19,6
22/01/2024;04:00;19,4
22/01/2024;05:00;19,1
22/01/2024;06:00;18,9
22/01/2024;07:00;19
22/01/2024;08:00;19,1
22/01/2024;09:00;19
22/01/2024;10:00;19,3
22/01/2024;11:00;19,9
22/01/2024;12:00;20,1
22/01/2024;13:00;20,5
22/01/2024;14:00;22
22/01/2024;15:00;23
22/01/2024;16:00;23,3
22/01/2024;17:00;23,8
22/01/2024;18:00;23,1
22/01/2024;19:00;22,8
22/01/2024;20:00;21,6
22/01/2024;21:00;20,7
22/01/2024;22:00;20
22/01/2024;23:00;19,1
23/01/2024;00:00;19
23/01/2024;01:00;18,9
23/01/2024;02:00;18,8
23/01/2024;03:00;19
23/01/2024;04:00;18,4
23/01/2024;05:00;18,5
23/01/2024;06:00;18,7
23/01/2024;07:00;18,8
23/01/2024;08:00;18,8
23/01/2024;09:00;18,6
23/01/2024;10:00;18,7
23/01/2024;11:00;18,6
23/01/2024;12:00;18,8
23/01/2024;13:00;18,8
23/01/2024;14:00;18,5
23/01/2024;15:00;18,3
23/01/2024;16:00;19,2
23/01/2024;17:00;18,6
23/01/2024;18:00;18,2
23/01/2024;19:00;17,5
23/01/2024;20:00;17,4
23/01/2024;21:00;17,2
23/01/2024;22:00;17
23/01/2024;23:00;17,1
24/01/2024;00:00;17
24/01/2024;01:00;17
24/01/2024;02:00;17
24/01/2024;03:00;16,8
24/01/2024;04:00;16,8
24/01/2024;05:00;16,8
24/01/2024;06:00;16,7
24/01/2024;07:00;16,7
24/01/2024;08:00;16,7
24/01/2024;09:00;16,9
24/01/2024;10:00;18
24/01/2024;11:00;18,8
24/01/2024;12:00;19,5
24/01/2024;13:00;20,6
24/01/2024;14:00;20,7
24/01/2024;15:00;21,2
24/01/2024;16:00;22,1
24/01/2024;17:00;21,7
24/01/2024;18:00;22
24/01/2024;19:00;21
24/01/2024;20:00;21,2
24/01/2024;21:00;19,1
24/01/2024;22:00;17,2
24/01/2024;23:00;16,6
25/01/2024;00:00;16,6
25/01/2024;01:00;16,7
25/01/2024;02:00;16,9
25/01/2024;03:00;17,4
25/01/2024;04:00;17,5
25/01/2024;05:00;17,4
25/01/2024;06:00;17,3
25/01/2024;07:00;17,2
25/01/2024;08:00;17,1
25/01/2024;09:00;17,1
25/01/2024;10:00;17,4
25/01/2024;11:00;17,8
25/01/2024;12:00;18,7
25/01/2024;13:00;19,3
25/01/2024;14:00;19,5
25/01/2024;15:00;19,9
25/01/2024;16:00;20,4
25/01/2024;17:00;20,2
25/01/2024;18:00;19
25/01/2024;19:00;19,5
25/01/2024;20:00;18,2
25/01/2024;21:00;17,1
25/01/2024;22:00;16,6
25/01/2024;23:00;16,1
26/01/2024;00:00;16
26/01/2024;01:00;16,3
26/01/2024;02:00;16,5
26/01/2024;03:00;16,6
26/01/2024;04:00;16,7
26/01/2024;05:00;16,6
26/01/2024;06:00;16,4
26/01/2024;07:00;15,7
26/01/2024;08:00;15,9
26/01/2024;09:00;16,1
26/01/2024;10:00;16,8
26/01/2024;11:00;17,6
26/01/2024;12:00;17,8
26/01/2024;13:00;18,3
26/01/2024;14:00;19,7
26/01/2024;15:00;21
26/01/2024;16:00;20,3
26/01/2024;17:00;21,7
26/01/2024;18:00;21,3
26/01/2024;19:00;20
26/01/2024;20:00;20,6
26/01/2024;21:00;19,3
26/01/2024;22:00;18,1
26/01/2024;23:00;17,9
27/01/2024;00:00;17,5
27/01/2024;01:00;17,4
27/01/2024;02:00;17,4
27/01/2024;03:00;17,5
27/01/2024;04:00;17,5
27/01/2024;05:00;17,5
27/01/2024;06:00;17,4
27/01/2024;07:00;17,4
27/01/2024;08:00;17,4
27/01/2024;09:00;17,4
27/01/2024;10:00;18,1
27/01/2024;11:00;19,5
27/01/2024;12:00;20,2
27/01/2024;13:00;20,8
27/01/2024;14:00;21,4
27/01/2024;15:00;23
27/01/2024;16:00;24
27/01/2024;17:00;24,9
27/01/2024;18:00;24,7
27/01/2024;19:00;24,1
27/01/2024;20:00;22,7
27/01/2024;21:00;20,2
27/01/2024;22:00;20
27/01/2024;23:00;19,6
28/01/2024;00:00;19,6
28/01/2024;01:00;19,2
28/01/2024;02:00;18,9
28/01/2024;03:00;18,6
28/01/2024;04:00;18,4
28/01/2024;05:00;18,5
28/01/2024;06:00;18,3
28/01/2024;07:00;18,1
28/01/2024;08:00;17,8
28/01/2024;09:00;18,3
28/01/2024;10:00;19,1
28/01/2024;11:00;19,6
28/01/2024;12:00;20,6
28/01/2024;13:00;22,2
28/01/2024;14:00;21,7
28/01/2024;15:00;18,5
28/01/2024;16:00;20,4
28/01/2024;17:00;22,7
28/01/2024;18:00;23,8
28/01/2024;19:00;24,8
28/01/2024;20:00;24,6
28/01/2024;21:00;24,1
28/01/2024;22:00;22,9
28/01/2024;23:00;20,6
29/01/2024;00:00;20,2
29/01/2024;01:00;19,5
29/01/2024;02:00;19,5
29/01/2024;03:00;19,2
29/01/2024;04:00;18,8
29/01/2024;05:00;18,6
29/01/2024;06:00;18,5
29/01/2024;07:00;18
29/01/2024;08:00;17,8
29/01/2024;09:00;17,6
29/01/2024;10:00;19,8
29/01/2024;11:00;21,1
29/01/2024;12:00;24,2
29/01/2024;13:00;26,9
29/01/2024;14:00;29
29/01/2024;15:00;30,1
29/01/2024;16:00;30,3
29/01/2024;17:00;27,7
29/01/2024;18:00;28,3
29/01/2024;19:00;29,8
29/01/2024;20:00;30
29/01/2024;21:00;28,9
29/01/2024;22:00;27,3
29/01/2024;23:00;25,2
30/01/2024;00:00;22,3
30/01/2024;01:00;21,1
30/01/2024;02:00;20,6
30/01/2024;03:00;20,3
30/01/2024;04:00;19,9
30/01/2024;05:00;19,6
30/01/2024;06:00;19,8
30/01/2024;07:00;19,5
30/01/2024;08:00;19,6
30/01/2024;09:00;19,3
30/01/2024;10:00;20,6
30/01/2024;11:00;23,4
30/01/2024;12:00;26,1
30/01/2024;13:00;28,6
30/01/2024;14:00;29,5
30/01/2024;15:00;31
30/01/2024;16:00;31,7
30/01/2024;17:00;32,2
30/01/2024;18:00;33,2
30/01/2024;19:00;28,3
30/01/2024;20:00;26,8
30/01/2024;21:00;26,8
30/01/2024;22:00;25,3
30/01/2024;23:00;24,3
31/01/2024;00:00;22,9
31/01/2024;01:00;22,1
31/01/2024;02:00;22,2
31/01/2024;03:00;22
31/01/2024;04:00;22,8
31/01/2024;05:00;22,9
31/01/2024;06:00;22,9
31/01/2024;07:00;22,3
31/01/2024;08:00;20,9
31/01/2024;09:00;20,6
31/01/2024;10:00;21,3
31/01/2024;11:00;23,5
31/01/2024;12:00;24,7
31/01/2024;13:00;24,9
31/01/2024;14:00;25,5
31/01/2024;15:00;26,1
31/01/2024;16:00;27,1
31/01/2024;17:00;27,5
31/01/2024;18:00;27,8
31/01/2024;19:00;20,8
31/01/2024;20:00;19,5
31/01/2024;21:00;20
31/01/2024;22:00;19,3
31/01/2024;23:00;19
01/02/2024;00:00;19
01/02/2024;01:00;19,6
01/02/2024;02:00;19,4
01/02/2024;03:00;19
01/02/2024;04:00;19,1
01/02/2024;05:00;18,7
01/02/2024;06:00;18,8
01/02/2024;07:00;18,9
01/02/2024;08:00;18,7
01/02/2024;09:00;17,5
01/02/2024;10:00;19,8
01/02/2024;11:00;23
01/02/2024;12:00;23,2
01/02/2024;13:00;24,1
01/02/2024;14:00;24,1
01/02/2024;15:00;24,9
01/02/2024;16:00;25,9
01/02/2024;17:00;26,8
01/02/2024;18:00;26,9
01/02/2024;19:00;24,2
01/02/2024;20:00;24
01/02/2024;21:00;21,9
01/02/2024;22:00;22
01/02/2024;23:00;21,3
02/02/2024;00:00;20,8
02/02/2024;01:00;20,4
02/02/2024;02:00;20,3
02/02/2024;03:00;20,1
02/02/2024;04:00;20,2
02/02/2024;05:00;19,9
02/02/2024;06:00;19,4
02/02/2024;07:00;19,6
02/02/2024;08:00;19,5
02/02/2024;09:00;19,5
02/02/2024;10:00;20,4
02/02/2024;11:00;21,7
02/02/2024;12:00;22,3
02/02/2024;13:00;24
02/02/2024;14:00;22,3
02/02/2024;15:00;21,2
02/02/2024;16:00;22,2
02/02/2024;17:00;22,6
02/02/2024;18:00;20,3
02/02/2024;19:00;19,1
02/02/2024;20:00;19,3
02/02/2024;21:00;19,5
02/02/2024;22:00;19,2
02/02/2024;23:00;19,2
03/02/2024;00:00;19,5
03/02/2024;01:00;19,4
03/02/2024;02:00;19,6
03/02/2024;03:00;19,2
03/02/2024;04:00;19,2
03/02/2024;05:00;19
03/02/2024;06:00;18,8
03/02/2024;07:00;18,9
03/02/2024;08:00;19,3
03/02/2024;09:00;19,6
03/02/2024;10:00;20,4
03/02/2024;11:00;21,9
03/02/2024;12:00;22,8
03/02/2024;13:00;24,8
03/02/2024;14:00;26,2
03/02/2024;15:00;25,5
03/02/2024;16:00;27,4
03/02/2024;17:00;27,7
03/02/2024;18:00;26,9
03/02/2024;19:00;26
03/02/2024;20:00;23,3
03/02/2024;21:00;22,7
03/02/2024;22:00;22,1
03/02/2024;23:00;21,3
04/02/2024;00:00;21,3
04/02/2024;01:00;21,3
04/02/2024;02:00;21,3
04/02/2024;03:00;21,2
04/02/2024;04:00;21,4
04/02/2024;05:00;21,3
04/02/2024;06:00;20,7
04/02/2024;07:00;20,6
04/02/2024;08:00;20,6
04/02/2024;09:00;20,6
04/02/2024;10:00;20,6
04/02/2024;11:00;22
04/02/2024;12:00;24,9
04/02/2024;13:00;27,3
04/02/2024;14:00;28,9
04/02/2024;15:00;29,7
04/02/2024;16:00;29,5
04/02/2024;17:00;29,5
04/02/2024;18:00;29,4
04/02/2024;19:00;19
04/02/2024;20:00;19,8
04/02/2024;21:00;20,6
04/02/2024;22:00;20,4
04/02/2024;23:00;19,4
05/02/2024;00:00;19,1
05/02/2024;01:00;19,4
05/02/2024;02:00;19,2
05/02/2024;03:00;18,7
05/02/2024;04:00;18,6
05/02/2024;05:00;18,6
05/02/2024;06:00;18,3
05/02/2024;07:00;17,8
05/02/2024;08:00;17,6
05/02/2024;09:00;17,6
05/02/2024;10:00;19,4
05/02/2024;11:00;22,5
05/02/2024;12:00;24,8
05/02/2024;13:00;25,8
05/02/2024;14:00;26,7
05/02/2024;15:00;27,7
05/02/2024;16:00;28,4
05/02/2024;17:00;28,8
05/02/2024;18:00;29
05/02/2024;19:00;28,7
05/02/2024;20:00;28
05/02/2024;21:00;27,1
05/02/2024;22:00;24,8
05/02/2024;23:00;23,2
06/02/2024;00:00;22
06/02/2024;01:00;21
06/02/2024;02:00;21,3
06/02/2024;03:00;21
06/02/2024;04:00;20,6
06/02/2024;05:00;19,8
06/02/2024;06:00;19,3
06/02/2024;07:00;19,1
06/02/2024;08:00;19,1
06/02/2024;09:00;18,3
06/02/2024;10:00;21,6
06/02/2024;11:00;23,1
06/02/2024;12:00;25
06/02/2024;13:00;26,4
06/02/2024;14:00;27,3
06/02/2024;15:00;27,4
06/02/2024;16:00;27,5
06/02/2024;17:00;27,7
06/02/2024;18:00;27,6
06/02/2024;19:00;26,8
06/02/2024;20:00;25,4
06/02/2024;21:00;24,2
06/02/2024;22:00;23,2
06/02/2024;23:00;22,5
07/02/2024;00:00;21,8
07/02/2024;01:00;21,5
07/02/2024;02:00;21,1
07/02/2024;03:00;20,5
07/02/2024;04:00;20,3
07/02/2024;05:00;20
07/02/2024;06:00;19,8
07/02/2024;07:00;19,7
07/02/2024;08:00;19,5
07/02/2024;09:00;19,6
07/02/2024;10:00;20,4
07/02/2024;11:00;23,4
07/02/2024;12:00;25,2
07/02/2024;13:00;27,3
07/02/2024;14:00;29,1
07/02/2024;15:00;29,6
07/02/2024;16:00;30
07/02/2024;17:00;29,6
07/02/2024;18:00;27,4
07/02/2024;19:00;25,6
07/02/2024;20:00;23,1
07/02/2024;21:00;22,9
07/02/2024;22:00;22,8
07/02/2024;23:00;22,5
08/02/2024;00:00;21,7
08/02/2024;01:00;20,9
08/02/2024;02:00;20,6
08/02/2024;03:00;20,4
08/02/2024;04:00;20,3
08/02/2024;05:00;20,1
08/02/2024;06:00;20,3
08/02/2024;07:00;20
08/02/2024;08:00;19,7
08/02/2024;09:00;19,7
08/02/2024;10:00;21,1
08/02/2024;11:00;23,7
08/02/2024;12:00;25,9
08/02/2024;13:00;28,1
08/02/2024;14:00;29
08/02/2024;15:00;29,5
08/02/2024;16:00;30,1
08/02/2024;17:00;28,9
08/02/2024;18:00;27,9
08/02/2024;19:00;27
08/02/2024;20:00;25,8
08/02/2024;21:00;25
08/02/2024;22:00;24
08/02/2024;23:00;23,3
09/02/2024;00:00;22,8
09/02/2024;01:00;22,6
09/02/2024;02:00;22,3
09/02/2024;03:00;21,4
09/02/2024;04:00;20,9
09/02/2024;05:00;20,9
09/02/2024;06:00;20,4
09/02/2024;07:00;19,8
09/02/2024;08:00;19,8
09/02/2024;09:00;20,6
09/02/2024;10:00;22,2
09/02/2024;11:00;24
09/02/2024;12:00;26,2
09/02/2024;13:00;27,4
09/02/2024;14:00;28,7
09/02/2024;15:00;28,9
09/02/2024;16:00;28,3
09/02/2024;17:00;27,7
09/02/2024;18:00;27,1
09/02/2024;19:00;26,6
09/02/2024;20:00;25,7
09/02/2024;21:00;25,3
09/02/2024;22:00;24,4
09/02/2024;23:00;23,1
10/02/2024;00:00;22,8
10/02/2024;01:00;22,8
10/02/2024;02:00;22,7
10/02/2024;03:00;22,3
10/02/2024;04:00;21,9
10/02/2024;05:00;21,7
10/02/2024;06:00;21,4
10/02/2024;07:00;21,2
10/02/2024;08:00;21,1
10/02/2024;09:00;20,9
10/02/2024;10:00;22,4
10/02/2024;11:00;23,9
10/02/2024;12:00;25
10/02/2024;13:00;26,5
10/02/2024;14:00;28,2
10/02/2024;15:00;29,3
10/02/2024;16:00;29
10/02/2024;17:00;29,4
10/02/2024;18:00;28,9
10/02/2024;19:00;27,5
10/02/2024;20:00;26,5
10/02/2024;21:00;25,5
10/02/2024;22:00;24,1
10/02/2024;23:00;22,8
11/02/2024;00:00;22,3
11/02/2024;01:00;21,6
11/02/2024;02:00;21,4
11/02/2024;03:00;21,1
11/02/2024;04:00;20,9
11/02/2024;05:00;20,8
11/02/2024;06:00;20,5
11/02/2024;07:00;20,4
11/02/2024;08:00;20,3
11/02/2024;09:00;20,3
11/02/2024;10:00;22,5
11/02/2024;11:00;24,3
11/02/2024;12:00;26,3
11/02/2024;13:00;28,1
11/02/2024;14:00;29,6
11/02/2024;15:00;30,9
11/02/2024;16:00;31,7
11/02/2024;17:00;32,6
11/02/2024;18:00;30,8
11/02/2024;19:00;28,8
11/02/2024;20:00;27,2
11/02/2024;21:00;26,2
11/02/2024;22:00;24,7
11/02/2024;23:00;23,7
12/02/2024;00:00;23,2
12/02/2024;01:00;22,8
12/02/2024;02:00;22,2
12/02/2024;03:00;22
12/02/2024;04:00;22,5
12/02/2024;05:00;23,4
12/02/2024;06:00;22,8
12/02/2024;07:00;22,5
12/02/2024;08:00;22,2
12/02/2024;09:00;21,9
12/02/2024;10:00;24,1
12/02/2024;11:00;25,5
12/02/2024;12:00;27,4
12/02/2024;13:00;28,1
12/02/2024;14:00;29,7
12/02/2024;15:00;30,3
12/02/2024;16:00;31,2
12/02/2024;17:00;32,2
12/02/2024;18:00;32,6
12/02/2024;19:00;32,7
12/02/2024;20:00;32,5
12/02/2024;21:00;31,7
12/02/2024;22:00;30,4
12/02/2024;23:00;28,7
13/02/2024;00:00;26,8
13/02/2024;01:00;26,5
13/02/2024;02:00;26,1
13/02/2024;03:00;24,6
13/02/2024;04:00;24,6
13/02/2024;05:00;24,4
13/02/2024;06:00;23,7
13/02/2024;07:00;22,8
13/02/2024;08:00;22,5
13/02/2024;09:00;23,2
13/02/2024;10:00;24,7
13/02/2024;11:00;25,3
13/02/2024;12:00;26,8
13/02/2024;13:00;29,2
13/02/2024;14:00;30,7
13/02/2024;15:00;32,4
13/02/2024;16:00;32,6
13/02/2024;17:00;33,5
13/02/2024;18:00;34,6
13/02/2024;19:00;34,2
13/02/2024;20:00;34,2
13/02/2024;21:00;33,4
13/02/2024;22:00;31,4
13/02/2024;23:00;29,6
14/02/2024;00:00;27
14/02/2024;01:00;24,2
14/02/2024;02:00;20,5
14/02/2024;03:00;20,7
14/02/2024;04:00;20,8
14/02/2024;05:00;20,8
14/02/2024;06:00;21,1
14/02/2024;07:00;21
14/02/2024;08:00;20,8
14/02/2024;09:00;20,8
14/02/2024;10:00;21,1
14/02/2024;11:00;21,8
14/02/2024;12:00;22,6
14/02/2024;13:00;23,5
14/02/2024;14:00;23,2
14/02/2024;15:00;24,5
14/02/2024;16:00;24
14/02/2024;17:00;23,2
14/02/2024;18:00;24,5
14/02/2024;19:00;24,6
14/02/2024;20:00;24,6
14/02/2024;21:00;23,4
14/02/2024;22:00;21,6
14/02/2024;23:00;21,1
15/02/2024;00:00;20,4
15/02/2024;01:00;20,8
15/02/2024;02:00;20,5
15/02/2024;03:00;20,3
15/02/2024;04:00;20,2
15/02/2024;05:00;20,1
15/02/2024;06:00;20,2
15/02/2024;07:00;20,2
15/02/2024;08:00;19,7
15/02/2024;09:00;19,6
15/02/2024;10:00;19,3
15/02/2024;11:00;19,5
15/02/2024;12:00;20,4
15/02/2024;13:00;21,1
15/02/2024;14:00;22,2
15/02/2024;15:00;22,8
15/02/2024;16:00;22,1
15/02/2024;17:00;21,6
15/02/2024;18:00;21,6
15/02/2024;19:00;21
15/02/2024;20:00;20,6
15/02/2024;21:00;19,1
15/02/2024;22:00;19,1
15/02/2024;23:00;18,8
16/02/2024;00:00;18,4
16/02/2024;01:00;18,1
16/02/2024;02:00;18,4
16/02/2024;03:00;18,4
16/02/2024;04:00;18,4
16/02/2024;05:00;18,6
16/02/2024;06:00;18,6
16/02/2024;07:00;18,4
16/02/2024;08:00;18,3
16/02/2024;09:00;18,4
16/02/2024;10:00;18,5
16/02/2024;11:00;19,1
16/02/2024;12:00;20,9
16/02/2024;13:00;21,6
16/02/2024;14:00;22,5
16/02/2024;15:00;23,5
16/02/2024;16:00;23,4
16/02/2024;17:00;23,8
16/02/2024;18:00;24,3
16/02/2024;19:00;23,7
16/02/2024;20:00;22,6
16/02/2024;21:00;21
16/02/2024;22:00;20,4
16/02/2024;23:00;19,9
17/02/2024;00:00;19,7
17/02/2024;01:00;19,8
17/02/2024;02:00;19,7
17/02/2024;03:00;19,7
17/02/2024;04:00;19,7
17/02/2024;05:00;19,6
17/02/2024;06:00;19,4
17/02/2024;07:00;19,1
17/02/2024;08:00;18,7
17/02/2024;09:00;18,3
17/02/2024;10:00;20,3
17/02/2024;11:00;21,9
17/02/2024;12:00;21,5
17/02/2024;13:00;22,9
17/02/2024;14:00;24,1
17/02/2024;15:00;25,1
17/02/2024;16:00;25,7
17/02/2024;17:00;26,3
17/02/2024;18:00;26,2
17/02/2024;19:00;25,1
17/02/2024;20:00;22,4
17/02/2024;21:00;21,4
17/02/2024;22:00;21,2
17/02/2024;23:00;20,8
18/02/2024;00:00;20,7
18/02/2024;01:00;20,5
18/02/2024;02:00;20,4
18/02/2024;03:00;20,3
18/02/2024;04:00;20,4
18/02/2024;05:00;20,3
18/02/2024;06:00;20,5
18/02/2024;07:00;20,2
18/02/2024;08:00;20,1
18/02/2024;09:00;20
18/02/2024;10:00;20,3
18/02/2024;11:00;20,9
18/02/2024;12:00;22,1
18/02/2024;13:00;23,5
18/02/2024;14:00;25
18/02/2024;15:00;26,5
18/02/2024;16:00;27,1
18/02/2024;17:00;27,4
18/02/2024;18:00;27
18/02/2024;19:00;24,1
18/02/2024;20:00;22,5
18/02/2024;21:00;21,2
18/02/2024;22:00;20,8
18/02/2024;23:00;20,4
19/02/2024;00:00;20,1
19/02/2024;01:00;19,7
19/02/2024;02:00;19,8
19/02/2024;03:00;20,2
19/02/2024;04:00;20,2
19/02/2024;05:00;20,2
19/02/2024;06:00;20,2
19/02/2024;07:00;19,8
19/02/2024;08:00;19,4
19/02/2024;09:00;19,2
19/02/2024;10:00;19,3
19/02/2024;11:00;20,1
19/02/2024;12:00;22,9
19/02/2024;13:00;25,6
19/02/2024;14:00;26,3
19/02/2024;15:00;28,2
19/02/2024;16:00;28,8
19/02/2024;17:00;28,8
19/02/2024;18:00;26,6
19/02/2024;19:00;23,4
19/02/2024;20:00;22,1
19/02/2024;21:00;22
19/02/2024;22:00;21,7
19/02/2024;23:00;21,4
20/02/2024;00:00;21,4
20/02/2024;01:00;21,3
20/02/2024;02:00;21,4
20/02/2024;03:00;21,4
20/02/2024;04:00;20,7
20/02/2024;05:00;20,5
20/02/2024;06:00;20,4
20/02/2024;07:00;20,4
20/02/2024;08:00;20,9
20/02/2024;09:00;20,8
20/02/2024;10:00;21
20/02/2024;11:00;21,7
20/02/2024;12:00;22,2
20/02/2024;13:00;23,2
20/02/2024;14:00;23,2
20/02/2024;15:00;22,8
20/02/2024;16:00;21,9
20/02/2024;17:00;21,9
20/02/2024;18:00;22
20/02/2024;19:00;21
20/02/2024;20:00;20,9
20/02/2024;21:00;20,1
20/02/2024;22:00;19,4
20/02/2024;23:00;19,4
21/02/2024;00:00;19,2
21/02/2024;01:00;19,1
21/02/2024;02:00;19,1
21/02/2024;03:00;19,3
21/02/2024;04:00;19,3
21/02/2024;05:00;19,3
21/02/2024;06:00;19,3
21/02/2024;07:00;19,5
21/02/2024;08:00;19,5
21/02/2024;09:00;19,6
21/02/2024;10:00;20
21/02/2024;11:00;21,1
21/02/2024;12:00;21,3
21/02/2024;13:00;23,6
21/02/2024;14:00;24,7
21/02/2024;15:00;25,3
21/02/2024;16:00;26,2
21/02/2024;17:00;26,1
21/02/2024;18:00;22,8
21/02/2024;19:00;21,7
21/02/2024;20:00;20,9
21/02/2024;21:00;20,7
21/02/2024;22:00;20,8
21/02/2024;23:00;20,6
22/02/2024;00:00;20,6
22/02/2024;01:00;20,7
22/02/2024;02:00;20,5
22/02/2024;03:00;20,6
22/02/2024;04:00;20,6
22/02/2024;05:00;20,2
22/02/2024;06:00;20,3
22/02/2024;07:00;20,4
22/02/2024;08:00;20,4
22/02/2024;09:00;20,2
22/02/2024;10:00;20,7
22/02/2024;11:00;21,9
22/02/2024;12:00;22,9
22/02/2024;13:00;25,4
22/02/2024;14:00;27,4
22/02/2024;15:00;29
22/02/2024;16:00;30,1
22/02/2024;17:00;31,5
22/02/2024;18:00;31,3
22/02/2024;19:00;25,2
22/02/2024;20:00;24,4
22/02/2024;21:00;23
22/02/2024;22:00;21,9
22/02/2024;23:00;21,9
23/02/2024;00:00;21,9
23/02/2024;01:00;21,9
23/02/2024;02:00;21,7
23/02/2024;03:00;22,1
23/02/2024;04:00;21,6
23/02/2024;05:00;21,4
23/02/2024;06:00;21,8
23/02/2024;07:00;22,4
23/02/2024;08:00;22,1
23/02/2024;09:00;21,6
23/02/2024;10:00;22,7
23/02/2024;11:00;25,7
23/02/2024;12:00;26,7
23/02/2024;13:00;28,6
23/02/2024;14:00;29,7
23/02/2024;15:00;31
23/02/2024;16:00;32,5
23/02/2024;17:00;33,1
23/02/2024;18:00;32,5
23/02/2024;19:00;27,9
23/02/2024;20:00;26,3
23/02/2024;21:00;24,5
23/02/2024;22:00;22,7
23/02/2024;23:00;22,6
24/02/2024;00:00;22,3
24/02/2024;01:00;22
24/02/2024;02:00;22,1
24/02/2024;03:00;22,1
24/02/2024;04:00;21,4
24/02/2024;05:00;21,4
24/02/2024;06:00;21,4
24/02/2024;07:00;21,3
24/02/2024;08:00;21
24/02/2024;09:00;20,8
24/02/2024;10:00;21,8
24/02/2024;11:00;24,2
24/02/2024;12:00;25,9
24/02/2024;13:00;27,4
24/02/2024;14:00;28,6
24/02/2024;15:00;30,7
24/02/2024;16:00;31,6
24/02/2024;17:00;32,3
24/02/2024;18:00;24,5
24/02/2024;19:00;22,4
24/02/2024;20:00;22,4
24/02/2024;21:00;22,2
24/02/2024;22:00;22
24/02/2024;23:00;21,4
25/02/2024;00:00;21,4
25/02/2024;01:00;21,4
25/02/2024;02:00;21,5
25/02/2024;03:00;21,3
25/02/2024;04:00;21
25/02/2024;05:00;21,4
25/02/2024;06:00;21,2
25/02/2024;07:00;21,1
25/02/2024;08:00;21
25/02/2024;09:00;21,2
25/02/2024;10:00;21,6
25/02/2024;11:00;21,6
25/02/2024;12:00;22,8
25/02/2024;13:00;24,7
25/02/2024;14:00;25
25/02/2024;15:00;26,7
25/02/2024;16:00;27,3
25/02/2024;17:00;28,2
25/02/2024;18:00;27,9
25/02/2024;19:00;27,2
25/02/2024;20:00;26
25/02/2024;21:00;25,4
25/02/2024;22:00;23,7
25/02/2024;23:00;23
26/02/2024;00:00;22,9
26/02/2024;01:00;22,8
26/02/2024;02:00;22,6
26/02/2024;03:00;22,6
26/02/2024;04:00;22,3
26/02/2024;05:00;22,2
26/02/2024;06:00;21,7
26/02/2024;07:00;21,5
26/02/2024;08:00;21,2
26/02/2024;09:00;21
26/02/2024;10:00;21,9
26/02/2024;11:00;22,9
26/02/2024;12:00;24,9
26/02/2024;13:00;25
26/02/2024;14:00;24,7
26/02/2024;15:00;25,4
26/02/2024;16:00;24,9
26/02/2024;17:00;24,9
26/02/2024;18:00;24,6
26/02/2024;19:00;24,2
26/02/2024;20:00;23,1
26/02/2024;21:00;22,7
26/02/2024;22:00;22,3
26/02/2024;23:00;22,2
27/02/2024;00:00;22
27/02/2024;01:00;21,8
27/02/2024;02:00;21,8
27/02/2024;03:00;21,7
27/02/2024;04:00;21,7
27/02/2024;05:00;21,6
27/02/2024;06:00;21,6
27/02/2024;07:00;21,7
27/02/2024;08:00;21,9
27/02/2024;09:00;22,2
27/02/2024;10:00;23
27/02/2024;11:00;24,4
27/02/2024;12:00;26,2
27/02/2024;13:00;28,3
27/02/2024;14:00;30,1
27/02/2024;15:00;31,4
27/02/2024;16:00;32,5
27/02/2024;17:00;33
27/02/2024;18:00;33
27/02/2024;19:00;33,2
27/02/2024;20:00;31,6
27/02/2024;21:00;30,7
27/02/2024;22:00;29,4
27/02/2024;23:00;27,7
28/02/2024;00:00;27,1
28/02/2024;01:00;25,6
28/02/2024;02:00;25,4
28/02/2024;03:00;25,6
28/02/2024;04:00;25,1
28/02/2024;05:00;22,9
28/02/2024;06:00;22
28/02/2024;07:00;21,8
28/02/2024;08:00;22,1
28/02/2024;09:00;22
28/02/2024;10:00;22,7
28/02/2024;11:00;25,9
28/02/2024;12:00;26,9
28/02/2024;13:00;29,2
28/02/2024;14:00;30,7
28/02/2024;15:00;31,8
28/02/2024;16:00;32,2
28/02/2024;17:00;32,6
28/02/2024;18:00;32,7
28/02/2024;19:00;28,9
28/02/2024;20:00;26,7
28/02/2024;21:00;25,3
28/02/2024;22:00;24,1
28/02/2024;23:00;23,4
29/02/2024;00:00;23,2
29/02/2024;01:00;23
29/02/2024;02:00;22,7
29/02/2024;03:00;22,5
29/02/2024;04:00;22,5
29/02/2024;05:00;22,7
29/02/2024;06:00;22,3
29/02/2024;07:00;22,4
29/02/2024;08:00;22,4
29/02/2024;09:00;21,9
29/02/2024;10:00;22,2
29/02/2024;11:00;23,9
29/02/2024;12:00;25,1
29/02/2024;13:00;26,5
29/02/2024;14:00;25,4
29/02/2024;15:00;28,1
29/02/2024;16:00;29,9
29/02/2024;17:00;31,1
29/02/2024;18:00;31,5
29/02/2024;19:00;31,5
29/02/2024;20:00;28,4
29/02/2024;21:00;26,1
29/02/2024;22:00;24,3
29/02/2024;23:00;23,3
01/03/2024;00:00;23
01/03/2024;01:00;22,7
01/03/2024;02:00;22,6
01/03/2024;03:00;22,4
01/03/2024;04:00;21,7
01/03/2024;05:00;21,7
01/03/2024;06:00;21,7
01/03/2024;07:00;21,6
01/03/2024;08:00;21,6
01/03/2024;09:00;21,5
01/03/2024;10:00;22,3
01/03/2024;11:00;25
01/03/2024;12:00;26,4
01/03/2024;13:00;27
01/03/2024;14:00;27,4
01/03/2024;15:00;28,2
01/03/2024;16:00;29,1
01/03/2024;17:00;30,3
01/03/2024;18:00;28,3
01/03/2024;19:00;24
01/03/2024;20:00;24,4
01/03/2024;21:00;23,6
01/03/2024;22:00;22,1
01/03/2024;23:00;21,7
02/03/2024;00:00;20,2
02/03/2024;01:00;20,2
02/03/2024;02:00;20,5
02/03/2024;03:00;20,5
02/03/2024;04:00;20,5
02/03/2024;05:00;20,4
02/03/2024;06:00;20,2
02/03/2024;07:00;20
02/03/2024;08:00;20,3
02/03/2024;09:00;20,1
02/03/2024;10:00;21
02/03/2024;11:00;21,5
02/03/2024;12:00;23
02/03/2024;13:00;24,1
02/03/2024;14:00;24,6
02/03/2024;15:00;25,1
02/03/2024;16:00;25,7
02/03/2024;17:00;25,7
02/03/2024;18:00;25,6
02/03/2024;19:00;25,3
02/03/2024;20:00;24,3
02/03/2024;21:00;22,8
02/03/2024;22:00;21,4
02/03/2024;23:00;20,9
03/03/2024;00:00;20,7
03/03/2024;01:00;20,5
03/03/2024;02:00;20,4
03/03/2024;03:00;20,4
03/03/2024;04:00;20
03/03/2024;05:00;20,1
03/03/2024;06:00;20,4
03/03/2024;07:00;20,4
03/03/2024;08:00;20,2
03/03/2024;09:00;20
03/03/2024;10:00;21,3
03/03/2024;11:00;23
03/03/2024;12:00;24,3
03/03/2024;13:00;26,2
03/03/2024;14:00;28,5
03/03/2024;15:00;30
03/03/2024;16:00;30,6
03/03/2024;17:00;30,2
03/03/2024;18:00;27,6
03/03/2024;19:00;27
03/03/2024;20:00;25,9
03/03/2024;21:00;23,2
03/03/2024;22:00;22,1
03/03/2024;23:00;22
04/03/2024;00:00;21,5
04/03/2024;01:00;21,2
04/03/2024;02:00;20,9
04/03/2024;03:00;21,1
04/03/2024;04:00;21,2
04/03/2024;05:00;21,6
04/03/2024;06:00;21,6
04/03/2024;07:00;20,6
04/03/2024;08:00;20,4
04/03/2024;09:00;19,3
04/03/2024;10:00;20,7
04/03/2024;11:00;23,7
04/03/2024;12:00;25,2
04/03/2024;13:00;27,9
04/03/2024;14:00;29,4
04/03/2024;15:00;31
04/03/2024;16:00;31,9
04/03/2024;17:00;31,9
04/03/2024;18:00;27,8
04/03/2024;19:00;26,4
04/03/2024;20:00;24,2
04/03/2024;21:00;22,8
04/03/2024;22:00;22,4
04/03/2024;23:00;22,3
05/03/2024;00:00;22,4
05/03/2024;01:00;22,3
05/03/2024;02:00;22,3
05/03/2024;03:00;22,2
05/03/2024;04:00;21,9
05/03/2024;05:00;21,4
05/03/2024;06:00;21
05/03/2024;07:00;21,2
05/03/2024;08:00;21
05/03/2024;09:00;20,7
05/03/2024;10:00;21
05/03/2024;11:00;23,6
05/03/2024;12:00;25,7
05/03/2024;13:00;27,6
05/03/2024;14:00;29,3
05/03/2024;15:00;31
05/03/2024;16:00;31,3
05/03/2024;17:00;31,4
05/03/2024;18:00;32,3
05/03/2024;19:00;24,1
05/03/2024;20:00;23,3
05/03/2024;21:00;22,9
05/03/2024;22:00;22,5
05/03/2024;23:00;22,5
06/03/2024;00:00;22,5
06/03/2024;01:00;21,8
06/03/2024;02:00;21,8
06/03/2024;03:00;21,5
06/03/2024;04:00;21,5
06/03/2024;05:00;21,4
06/03/2024;06:00;21,3
06/03/2024;07:00;21,3
06/03/2024;08:00;21,3
06/03/2024;09:00;21,3
06/03/2024;10:00;21,4
06/03/2024;11:00;22,1
06/03/2024;12:00;22,9
06/03/2024;13:00;24,4
06/03/2024;14:00;25,6
06/03/2024;15:00;24,6
06/03/2024;16:00;23,1
06/03/2024;17:00;24,5
06/03/2024;18:00;24,7
06/03/2024;19:00;24,6
06/03/2024;20:00;24,1
06/03/2024;21:00;22,9
06/03/2024;22:00;21,7
06/03/2024;23:00;21,3
07/03/2024;00:00;21,1
07/03/2024;01:00;20,4
07/03/2024;02:00;20
07/03/2024;03:00;19,9
07/03/2024;04:00;20
07/03/2024;05:00;19,9
07/03/2024;06:00;20,1
07/03/2024;07:00;20,2
07/03/2024;08:00;20,4
07/03/2024;09:00;20,6
07/03/2024;10:00;20,9
07/03/2024;11:00;21,4
07/03/2024;12:00;21,9
07/03/2024;13:00;23,6
07/03/2024;14:00;24,6
07/03/2024;15:00;25,5
07/03/2024;16:00;25,4
07/03/2024;17:00;25,7
07/03/2024;18:00;25,1
07/03/2024;19:00;23,9
07/03/2024;20:00;23
07/03/2024;21:00;22
07/03/2024;22:00;21,8
07/03/2024;23:00;21,7
08/03/2024;00:00;21,7
08/03/2024;01:00;21,6
08/03/2024;02:00;21,3
08/03/2024;03:00;21,3
08/03/2024;04:00;21,5
08/03/2024;05:00;21,6
08/03/2024;06:00;21,5
08/03/2024;07:00;21,6
08/03/2024;08:00;21,5
08/03/2024;09:00;21,6
08/03/2024;10:00;21,7
08/03/2024;11:00;22,7
08/03/2024;12:00;24,5
08/03/2024;13:00;25,7
08/03/2024;14:00;27,8
08/03/2024;15:00;27,9
08/03/2024;16:00;27,6
08/03/2024;17:00;27,8
08/03/2024;18:00;25,6
08/03/2024;19:00;23
08/03/2024;20:00;22,4
08/03/2024;21:00;22,3
08/03/2024;22:00;22,4
08/03/2024;23:00;22,3
09/03/2024;00:00;22,3
09/03/2024;01:00;22,3
09/03/2024;02:00;22,2
09/03/2024;03:00;22,3
09/03/2024;04:00;22,2
09/03/2024;05:00;22,2
09/03/2024;06:00;22,1
09/03/2024;07:00;21,7
09/03/2024;08:00;21,3
09/03/2024;09:00;21,2
09/03/2024;10:00;21,7
09/03/2024;11:00;23,6
09/03/2024;12:00;25,8
09/03/2024;13:00;26,1
09/03/2024;14:00;28,7
09/03/2024;15:00;30,2
09/03/2024;16:00;31,1
09/03/2024;17:00;31,9
09/03/2024;18:00;32
09/03/2024;19:00;31,6
09/03/2024;20:00;29,7
09/03/2024;21:00;26
09/03/2024;22:00;25
09/03/2024;23:00;24,1
10/03/2024;00:00;24,1
10/03/2024;01:00;24,5
10/03/2024;02:00;25
10/03/2024;03:00;24,1
10/03/2024;04:00;23,7
10/03/2024;05:00;23,2
10/03/2024;06:00;23,3
10/03/2024;07:00;23,3
10/03/2024;08:00;22,4
10/03/2024;09:00;22,4
10/03/2024;10:00;22,6
10/03/2024;11:00;23,8
10/03/2024;12:00;25,4
10/03/2024;13:00;27,7
10/03/2024;14:00;28,6
10/03/2024;15:00;28,5
10/03/2024;16:00;27,8
10/03/2024;17:00;27,4
10/03/2024;18:00;27,5
10/03/2024;19:00;26,3
10/03/2024;20:00;25,8
10/03/2024;21:00;24,2
10/03/2024;22:00;23,2
10/03/2024;23:00;22,3
11/03/2024;00:00;21,9
11/03/2024;01:00;21,6
11/03/2024;02:00;21,5
11/03/2024;03:00;21,1
11/03/2024;04:00;21,2
11/03/2024;05:00;21,1
11/03/2024;06:00;21,1
11/03/2024;07:00;20,9
11/03/2024;08:00;20,5
11/03/2024;09:00;19,8
11/03/2024;10:00;20
11/03/2024;11:00;22,2
11/03/2024;12:00;23,2
11/03/2024;13:00;24,4
11/03/2024;14:00;24,9
11/03/2024;15:00;25,7
11/03/2024;16:00;26,1
11/03/2024;17:00;26,1
11/03/2024;18:00;25,6
11/03/2024;19:00;23,8
11/03/2024;20:00;23
11/03/2024;21:00;21,9
11/03/2024;22:00;20,8
11/03/2024;23:00;19,9
12/03/2024;00:00;19,4
12/03/2024;01:00;19,3
12/03/2024;02:00;19,4
12/03/2024;03:00;19,4
12/03/2024;04:00;19,4
12/03/2024;05:00;18,9
12/03/2024;06:00;18,7
12/03/2024;07:00;18,2
12/03/2024;08:00;17,8
12/03/2024;09:00;17,7
12/03/2024;10:00;18,9
12/03/2024;11:00;20,6
12/03/2024;12:00;22,2
12/03/2024;13:00;23,7
12/03/2024;14:00;23,9
12/03/2024;15:00;24,8
12/03/2024;16:00;24,9
12/03/2024;17:00;24,7
12/03/2024;18:00;23,5
12/03/2024;19:00;21,3
12/03/2024;20:00;20,5
12/03/2024;21:00;20,4
12/03/2024;22:00;20,2
12/03/2024;23:00;20,2
13/03/2024;00:00;20,3
13/03/2024;01:00;20,3
13/03/2024;02:00;20,3
13/03/2024;03:00;20,4
13/03/2024;04:00;20,4
13/03/2024;05:00;20,3
13/03/2024;06:00;20,2
13/03/2024;07:00;20
13/03/2024;08:00;19,9
13/03/2024;09:00;20
13/03/2024;10:00;20,1
13/03/2024;11:00;23
13/03/2024;12:00;24,6
13/03/2024;13:00;26
13/03/2024;14:00;28,3
13/03/2024;15:00;29,3
13/03/2024;16:00;29,6
13/03/2024;17:00;26,6
13/03/2024;18:00;22,9
13/03/2024;19:00;22
13/03/2024;20:00;21,8
13/03/2024;21:00;21,6
13/03/2024;22:00;21
13/03/2024;23:00;21
14/03/2024;00:00;20,8
14/03/2024;01:00;20,5
14/03/2024;02:00;20,6
14/03/2024;03:00;20,7
14/03/2024;04:00;20,5
14/03/2024;05:00;20,4
14/03/2024;06:00;20,2
14/03/2024;07:00;20,5
14/03/2024;08:00;20,8
14/03/2024;09:00;21
14/03/2024;10:00;21,1
14/03/2024;11:00;23,2
14/03/2024;12:00;25,7
14/03/2024;13:00;28,6
14/03/2024;14:00;30,6
14/03/2024;15:00;32,4
14/03/2024;16:00;33,6
14/03/2024;17:00;33,8
14/03/2024;18:00;29,3
14/03/2024;19:00;27,4
14/03/2024;20:00;27
14/03/2024;21:00;26
14/03/2024;22:00;23,8
14/03/2024;23:00;23,2
15/03/2024;00:00;23,2
15/03/2024;01:00;23,4
15/03/2024;02:00;23,3
15/03/2024;03:00;23,3
15/03/2024;04:00;23,5
15/03/2024;05:00;23,4
15/03/2024;06:00;23,7
15/03/2024;07:00;23,4
15/03/2024;08:00;22,5
15/03/2024;09:00;22,9
15/03/2024;10:00;24,2
15/03/2024;11:00;25,6
15/03/2024;12:00;28,1
15/03/2024;13:00;30,6
15/03/2024;14:00;32,4
15/03/2024;15:00;33,2
15/03/2024;16:00;34,4
15/03/2024;17:00;34,9
15/03/2024;18:00;34,8
15/03/2024;19:00;35
15/03/2024;20:00;34,4
15/03/2024;21:00;30,3
15/03/2024;22:00;28,1
15/03/2024;23:00;26,7
16/03/2024;00:00;26
16/03/2024;01:00;25,4
16/03/2024;02:00;25,1
16/03/2024;03:00;25,5
16/03/2024;04:00;25,6
16/03/2024;05:00;24,3
16/03/2024;06:00;25,2
16/03/2024;07:00;25,1
16/03/2024;08:00;24,9
16/03/2024;09:00;24,3
16/03/2024;10:00;24,6
16/03/2024;11:00;26,2
16/03/2024;12:00;28,7
16/03/2024;13:00;30,7
16/03/2024;14:00;32
16/03/2024;15:00;33,2
16/03/2024;16:00;34,3
16/03/2024;17:00;35
16/03/2024;18:00;35
16/03/2024;19:00;34,7
16/03/2024;20:00;33,9
16/03/2024;21:00;32,8
16/03/2024;22:00;30,9
16/03/2024;23:00;28,2
17/03/2024;00:00;27
17/03/2024;01:00;26,3
17/03/2024;02:00;26,2
17/03/2024;03:00;26,2
17/03/2024;04:00;25,7
17/03/2024;05:00;25,3
17/03/2024;06:00;25,3
17/03/2024;07:00;24,8
17/03/2024;08:00;24,2
17/03/2024;09:00;24,2
17/03/2024;10:00;25,3
17/03/2024;11:00;27,2
17/03/2024;12:00;29,1
17/03/2024;13:00;30,8
17/03/2024;14:00;32,6
17/03/2024;15:00;33,3
17/03/2024;16:00;34,9
17/03/2024;17:00;35
17/03/2024;18:00;35,4
17/03/2024;19:00;35,1
17/03/2024;20:00;32,5
17/03/2024;21:00;28,8
17/03/2024;22:00;25,7
17/03/2024;23:00;24,5
18/03/2024;00:00;24,5
18/03/2024;01:00;24,1
18/03/2024;02:00;23,5
18/03/2024;03:00;23,6
18/03/2024;04:00;23,4
18/03/2024;05:00;23,2
18/03/2024;06:00;23,1
18/03/2024;07:00;22,9
18/03/2024;08:00;22,6
18/03/2024;09:00;22,2
18/03/2024;10:00;22,7
18/03/2024;11:00;25
18/03/2024;12:00;26,7
18/03/2024;13:00;28
18/03/2024;14:00;28,7
18/03/2024;15:00;28,8
18/03/2024;16:00;27,9
18/03/2024;17:00;27,9
18/03/2024;18:00;28
18/03/2024;19:00;25,2
18/03/2024;20:00;23,4
18/03/2024;21:00;23,5
18/03/2024;22:00;23,4
18/03/2024;23:00;23
19/03/2024;00:00;22,7
19/03/2024;01:00;22,8
19/03/2024;02:00;22,9
19/03/2024;03:00;22,6
19/03/2024;04:00;22,5
19/03/2024;05:00;22,2
19/03/2024;06:00;22,1
19/03/2024;07:00;22,1
19/03/2024;08:00;22,1
19/03/2024;09:00;22
19/03/2024;10:00;22,2
19/03/2024;11:00;23,9
19/03/2024;12:00;26,3
19/03/2024;13:00;27,9
19/03/2024;14:00;29,8
19/03/2024;15:00;31,2
19/03/2024;16:00;32,1
19/03/2024;17:00;33
19/03/2024;18:00;30,8
19/03/2024;19:00;27
19/03/2024;20:00;27,1
19/03/2024;21:00;26,7
19/03/2024;22:00;25,1
19/03/2024;23:00;24,4
20/03/2024;00:00;24
20/03/2024;01:00;23,8
20/03/2024;02:00;23,6
20/03/2024;03:00;23
20/03/2024;04:00;23
20/03/2024;05:00;23
20/03/2024;06:00;23,3
20/03/2024;07:00;22,9
20/03/2024;08:00;22,6
20/03/2024;09:00;22,3
20/03/2024;10:00;23,3
20/03/2024;11:00;25,3
20/03/2024;12:00;26,8
20/03/2024;13:00;28,3
20/03/2024;14:00;29,6
20/03/2024;15:00;30,8
20/03/2024;16:00;31,5
20/03/2024;17:00;32
20/03/2024;18:00;32,4
20/03/2024;19:00;29,1
20/03/2024;20:00;27,3
20/03/2024;21:00;25,5
20/03/2024;22:00;24,7
20/03/2024;23:00;24,3
21/03/2024;00:00;24,3
21/03/2024;01:00;24,3
21/03/2024;02:00;25,1
21/03/2024;03:00;25,2
21/03/2024;04:00;24,7
21/03/2024;05:00;24,2
21/03/2024;06:00;24,1
21/03/2024;07:00;23,1
21/03/2024;08:00;22,8
21/03/2024;09:00;23,2
21/03/2024;10:00;23,8
21/03/2024;11:00;25,9
21/03/2024;12:00;27,6
21/03/2024;13:00;29,1
21/03/2024;14:00;30,7
21/03/2024;15:00;31,5
21/03/2024;16:00;32,5
21/03/2024;17:00;33,5
21/03/2024;18:00;33,3
21/03/2024;19:00;33,1
21/03/2024;20:00;32,4
21/03/2024;21:00;31,3
21/03/2024;22:00;30,3
21/03/2024;23:00;28,9
22/03/2024;00:00;
22/03/2024;01:00;22,4
22/03/2024;02:00;22,4
22/03/2024;03:00;22,4
22/03/2024;04:00;22,4
22/03/2024;05:00;22
22/03/2024;06:00;21,8
22/03/2024;07:00;21,4
22/03/2024;08:00;20,7
22/03/2024;09:00;20,4
22/03/2024;10:00;20,3
22/03/2024;11:00;20,5
22/03/2024;12:00;20,6
22/03/2024;13:00;20,5
22/03/2024;14:00;20,4
22/03/2024;15:00;20,4
22/03/2024;16:00;20,4
22/03/2024;17:00;19,8
22/03/2024;18:00;19,4
22/03/2024;19:00;19,2
22/03/2024;20:00;18,7
22/03/2024;21:00;18,6
22/03/2024;22:00;18,4
22/03/2024;23:00;17,9
23/03/2024;00:00;17,7
23/03/2024;01:00;17,6
23/03/2024;02:00;17,9
23/03/2024;03:00;17,9
23/03/2024;04:00;18,1
23/03/2024;05:00;18
23/03/2024;06:00;17,8
23/03/2024;07:00;17,7
23/03/2024;08:00;17,8
23/03/2024;09:00;17,9
23/03/2024;10:00;17,5
23/03/2024;11:00;17,7
23/03/2024;12:00;18
23/03/2024;13:00;18,5
23/03/2024;14:00;18,1
23/03/2024;15:00;17,8
23/03/2024;16:00;17,8
23/03/2024;17:00;18,1
23/03/2024;18:00;18
23/03/2024;19:00;17,9
23/03/2024;20:00;17,9
23/03/2024;21:00;17,7
23/03/2024;22:00;17,5
23/03/2024;23:00;17,3
24/03/2024;00:00;17,4
24/03/2024;01:00;17,4
24/03/2024;02:00;17,4
24/03/2024;03:00;17,3
24/03/2024;04:00;17,2
24/03/2024;05:00;17,1
24/03/2024;06:00;17,1
24/03/2024;07:00;17,2
24/03/2024;08:00;17,2
24/03/2024;09:00;17,1
24/03/2024;10:00;17
24/03/2024;11:00;17,7
24/03/2024;12:00;19,5
24/03/2024;13:00;20,7
24/03/2024;14:00;20,7
24/03/2024;15:00;21,1
24/03/2024;16:00;21,6
24/03/2024;17:00;21,4
24/03/2024;18:00;21,4
24/03/2024;19:00;20,7
24/03/2024;20:00;20,4
24/03/2024;21:00;19,7
24/03/2024;22:00;19,5
24/03/2024;23:00;19,2
25/03/2024;00:00;19,2
25/03/2024;01:00;19
25/03/2024;02:00;19,1
25/03/2024;03:00;19,2
25/03/2024;04:00;19,2
25/03/2024;05:00;19,2
25/03/2024;06:00;19,2
25/03/2024;07:00;19,1
25/03/2024;08:00;18,4
25/03/2024;09:00;18,2
25/03/2024;10:00;18,8
25/03/2024;11:00;20,7
25/03/2024;12:00;22,1
25/03/2024;13:00;22,9
25/03/2024;14:00;23,8
25/03/2024;15:00;24,5
25/03/2024;16:00;24,9
25/03/2024;17:00;25,3
25/03/2024;18:00;25,3
25/03/2024;19:00;25,2
25/03/2024;20:00;23,5
25/03/2024;21:00;21,6
25/03/2024;22:00;20,8
25/03/2024;23:00;20
26/03/2024;00:00;19,8
26/03/2024;01:00;19,8
26/03/2024;02:00;19,8
26/03/2024;03:00;19,3
26/03/2024;04:00;18,7
26/03/2024;05:00;18,9
26/03/2024;06:00;18,9
26/03/2024;07:00;18,5
26/03/2024;08:00;18,5
26/03/2024;09:00;18,6
26/03/2024;10:00;19
26/03/2024;11:00;20,1
26/03/2024;12:00;21,4
26/03/2024;13:00;22,4
26/03/2024;14:00;23,6
26/03/2024;15:00;23,7
26/03/2024;16:00;23,7
26/03/2024;17:00;22,8
26/03/2024;18:00;22,7
26/03/2024;19:00;21,3
26/03/2024;20:00;20,3
26/03/2024;21:00;20
26/03/2024;22:00;19,6
26/03/2024;23:00;19,1
27/03/2024;00:00;18,7
27/03/2024;01:00;18,8
27/03/2024;02:00;18,8
27/03/2024;03:00;18,9
27/03/2024;04:00;18,9
27/03/2024;05:00;18,9
27/03/2024;06:00;19
27/03/2024;07:00;19
27/03/2024;08:00;18,9
27/03/2024;09:00;18,7
27/03/2024;10:00;18,6
27/03/2024;11:00;19
27/03/2024;12:00;19,4
27/03/2024;13:00;20,1
27/03/2024;14:00;20,4
27/03/2024;15:00;20,9
27/03/2024;16:00;20,3
27/03/2024;17:00;20,6
27/03/2024;18:00;20,5
27/03/2024;19:00;19,9
27/03/2024;20:00;19,9
27/03/2024;21:00;19,7
27/03/2024;22:00;19,3
27/03/2024;23:00;19,2
28/03/2024;00:00;19,1
28/03/2024;01:00;19
28/03/2024;02:00;18,7
28/03/2024;03:00;18,5
28/03/2024;04:00;18,4
28/03/2024;05:00;18,3
28/03/2024;06:00;18,3
28/03/2024;07:00;18,3
28/03/2024;08:00;18,3
28/03/2024;09:00;18,4
28/03/2024;10:00;18,6
28/03/2024;11:00;19,1
28/03/2024;12:00;20,1
28/03/2024;13:00;20,6
28/03/2024;14:00;20,8
28/03/2024;15:00;21
28/03/2024;16:00;21
28/03/2024;17:00;21,6
28/03/2024;18:00;21,3
28/03/2024;19:00;21,2
28/03/2024;20:00;20,8
28/03/2024;21:00;20,4
28/03/2024;22:00;20
28/03/2024;23:00;19,7
29/03/2024;00:00;19,7
29/03/2024;01:00;19,4
29/03/2024;02:00;19,5
29/03/2024;03:00;19,4
29/03/2024;04:00;19,5
29/03/2024;05:00;19,6
29/03/2024;06:00;19,6
29/03/2024;07:00;19,1
29/03/2024;08:00;19,3
29/03/2024;09:00;19,4
29/03/2024;10:00;19,5
29/03/2024;11:00;20,7
29/03/2024;12:00;22,3
29/03/2024;13:00;23,7
29/03/2024;14:00;24,7
29/03/2024;15:00;24,4
29/03/2024;16:00;26
29/03/2024;17:00;26,9
29/03/2024;18:00;27,2
29/03/2024;19:00;27,6
29/03/2024;20:00;27,8
29/03/2024;21:00;24,7
29/03/2024;22:00;22,9
29/03/2024;23:00;21,8
30/03/2024;00:00;21,2
30/03/2024;01:00;20,7
30/03/2024;02:00;20,5
30/03/2024;03:00;20,3
30/03/2024;04:00;20,5
30/03/2024;05:00;20,2
30/03/2024;06:00;19,9
30/03/2024;07:00;19,9
30/03/2024;08:00;19,6
30/03/2024;09:00;19,2
30/03/2024;10:00;19
30/03/2024;11:00;20,1
30/03/2024;12:00;20,9
30/03/2024;13:00;22,1
30/03/2024;14:00;24,9
30/03/2024;15:00;25,5
30/03/2024;16:00;26,6
30/03/2024;17:00;26,1
30/03/2024;18:00;25,7
30/03/2024;19:00;25,1
30/03/2024;20:00;24,6
30/03/2024;21:00;22,9
30/03/2024;22:00;21,3
30/03/2024;23:00;20,3
31/03/2024;00:00;19,6
31/03/2024;01:00;19,7
31/03/2024;02:00;19,5
31/03/2024;03:00;18,8
31/03/2024;04:00;18,7
31/03/2024;05:00;18,7
31/03/2024;06:00;18,6
31/03/2024;07:00;18,3
31/03/2024;08:00;18
31/03/2024;09:00;18,2
31/03/2024;10:00;18,2
31/03/2024;11:00;18,8
31/03/2024;12:00;20,6
31/03/2024;13:00;24,5
31/03/2024;14:00;26,9
31/03/2024;15:00;27,2
31/03/2024;16:00;28,5
31/03/2024;17:00;29,6
31/03/2024;18:00;29,7
31/03/2024;19:00;28,8
31/03/2024;20:00;26,4
31/03/2024;21:00;24,8
31/03/2024;22:00;22,6
31/03/2024;23:00;21,2
01/04/2024;00:00;20,1
01/04/2024;01:00;19,6
01/04/2024;02:00;19,2
01/04/2024;03:00;19,1
01/04/2024;04:00;19,1
01/04/2024;05:00;18,9
01/04/2024;06:00;18,8
01/04/2024;07:00;18,5
01/04/2024;08:00;17,7
01/04/2024;09:00;17,7
01/04/2024;10:00;17,8
01/04/2024;11:00;19,2
01/04/2024;12:00;21,9
01/04/2024;13:00;24
01/04/2024;14:00;25,1
01/04/2024;15:00;25,8
01/04/2024;16:00;27,2
01/04/2024;17:00;27,8
01/04/2024;18:00;27,8
01/04/2024;19:00;27,2
01/04/2024;20:00;23,9
01/04/2024;21:00;22,5
01/04/2024;22:00;20,9
01/04/2024;23:00;20
02/04/2024;00:00;20
02/04/2024;01:00;19,6
02/04/2024;02:00;19,1
02/04/2024;03:00;19
02/04/2024;04:00;19,1
02/04/2024;05:00;19,5
02/04/2024;06:00;19,9
02/04/2024;07:00;20,1
02/04/2024;08:00;20,2
02/04/2024;09:00;20,1
02/04/2024;10:00;20,1
02/04/2024;11:00;20,9
02/04/2024;12:00;22,6
02/04/2024;13:00;23,9
02/04/2024;14:00;25,2
02/04/2024;15:00;28
02/04/2024;16:00;29,7
02/04/2024;17:00;28,1
02/04/2024;18:00;27,5
02/04/2024;19:00;27,1
02/04/2024;20:00;26
02/04/2024;21:00;25,5
02/04/2024;22:00;24,2
02/04/2024;23:00;23,5
03/04/2024;00:00;22,6
03/04/2024;01:00;22
03/04/2024;02:00;21,4
03/04/2024;03:00;21,4
03/04/2024;04:00;20,9
03/04/2024;05:00;20,1
03/04/2024;06:00;20,3
03/04/2024;07:00;19,4
03/04/2024;08:00;19,3
03/04/2024;09:00;19,1
03/04/2024;10:00;19,3
03/04/2024;11:00;20,7
03/04/2024;12:00;22,1
03/04/2024;13:00;23,1
03/04/2024;14:00;23,9
03/04/2024;15:00;25,1
03/04/2024;16:00;26,1
03/04/2024;17:00;27
03/04/2024;18:00;27,3
03/04/2024;19:00;27
03/04/2024;20:00;25,4
03/04/2024;21:00;23,5
03/04/2024;22:00;22,2
03/04/2024;23:00;21,4
04/04/2024;00:00;20,7
04/04/2024;01:00;20,4
04/04/2024;02:00;19,9
04/04/2024;03:00;19,5
04/04/2024;04:00;19,3
04/04/2024;05:00;18,9
04/04/2024;06:00;19,3
04/04/2024;07:00;19,3
04/04/2024;08:00;19,4
04/04/2024;09:00;19,4
04/04/2024;10:00;19,1
04/04/2024;11:00;21,9
04/04/2024;12:00;24,1
04/04/2024;13:00;26
04/04/2024;14:00;
04/04/2024;15:00;
04/04/2024;16:00;30,4
04/04/2024;17:00;31
04/04/2024;18:00;32
04/04/2024;19:00;30
04/04/2024;20:00;27,4
04/04/2024;21:00;23,4
04/04/2024;22:00;21,8
04/04/2024;23:00;21,7
05/04/2024;00:00;21,6
05/04/2024;01:00;21,4
05/04/2024;02:00;21,1
05/04/2024;03:00;21
05/04/2024;04:00;20,9
05/04/2024;05:00;20,1
05/04/2024;06:00;20,2
05/04/2024;07:00;20,1
05/04/2024;08:00;19,8
05/04/2024;09:00;19,5
05/04/2024;10:00;19,7
05/04/2024;11:00;20,6
05/04/2024;12:00;23,1
05/04/2024;13:00;24,9
05/04/2024;14:00;26,9
05/04/2024;15:00;28,2
05/04/2024;16:00;29,3
05/04/2024;17:00;29,6
05/04/2024;18:00;30,3
05/04/2024;19:00;29,8
05/04/2024;20:00;26,4
05/04/2024;21:00;24
05/04/2024;22:00;22
05/04/2024;23:00;21,5
06/04/2024;00:00;21,3
06/04/2024;01:00;21,2
06/04/2024;02:00;20,7
06/04/2024;03:00;19,9
06/04/2024;04:00;19,7
06/04/2024;05:00;19,9
06/04/2024;06:00;19,9
06/04/2024;07:00;19,9
06/04/2024;08:00;19,6
06/04/2024;09:00;19,4
06/04/2024;10:00;19,6
06/04/2024;11:00;21,2
06/04/2024;12:00;22,5
06/04/2024;13:00;23,2
06/04/2024;14:00;22,8
06/04/2024;15:00;23,8
06/04/2024;16:00;23,9
06/04/2024;17:00;24
06/04/2024;18:00;23,6
06/04/2024;19:00;21,9
06/04/2024;20:00;20,5
06/04/2024;21:00;20,3
06/04/2024;22:00;19,8
06/04/2024;23:00;19,7
07/04/2024;00:00;19,7
07/04/2024;01:00;19,6
07/04/2024;02:00;19,2
07/04/2024;03:00;18,9
07/04/2024;04:00;18,8
07/04/2024;05:00;18,5
07/04/2024;06:00;18,2
07/04/2024;07:00;18
07/04/2024;08:00;18,2
07/04/2024;09:00;18,2
07/04/2024;10:00;18,8
07/04/2024;11:00;19,6
07/04/2024;12:00;20,5
07/04/2024;13:00;22,2
07/04/2024;14:00;24
07/04/2024;15:00;24,3
07/04/2024;16:00;24,1
07/04/2024;17:00;24,1
07/04/2024;18:00;23,5
07/04/2024;19:00;23,1
07/04/2024;20:00;21,1
07/04/2024;21:00;20,9
07/04/2024;22:00;20,6
07/04/2024;23:00;20,5
08/04/2024;00:00;20,3
08/04/2024;01:00;20,3
08/04/2024;02:00;20,4
08/04/2024;03:00;20
08/04/2024;04:00;20,5
08/04/2024;05:00;20,5
08/04/2024;06:00;20,3
08/04/2024;07:00;20
08/04/2024;08:00;19,8
08/04/2024;09:00;19,7
08/04/2024;10:00;19,6
08/04/2024;11:00;20,7
08/04/2024;12:00;21,9
08/04/2024;13:00;23,8
08/04/2024;14:00;25,7
08/04/2024;15:00;25,4
08/04/2024;16:00;25,2
08/04/2024;17:00;25,2
08/04/2024;18:00;24,8
08/04/2024;19:00;24,8
08/04/2024;20:00;24,2
08/04/2024;21:00;24,2
08/04/2024;22:00;22,6
08/04/2024;23:00;21
09/04/2024;00:00;20,7
09/04/2024;01:00;20,2
09/04/2024;02:00;19,8
09/04/2024;03:00;19,4
09/04/2024;04:00;19,3
09/04/2024;05:00;19
09/04/2024;06:00;19,1
09/04/2024;07:00;19,2
09/04/2024;08:00;19,1
09/04/2024;09:00;19
09/04/2024;10:00;19,5
09/04/2024;11:00;21,1
09/04/2024;12:00;23,2
09/04/2024;13:00;24,2
09/04/2024;14:00;26,9
09/04/2024;15:00;27,8
09/04/2024;16:00;29
09/04/2024;17:00;29,3
09/04/2024;18:00;29
09/04/2024;19:00;23,3
09/04/2024;20:00;22,8
09/04/2024;21:00;22
09/04/2024;22:00;21,6
09/04/2024;23:00;21,2
10/04/2024;00:00;20,5
10/04/2024;01:00;19,9
10/04/2024;02:00;20,2
10/04/2024;03:00;20,6
10/04/2024;04:00;20,8
10/04/2024;05:00;20,6
10/04/2024;06:00;19,9
10/04/2024;07:00;20
10/04/2024;08:00;19,7
10/04/2024;09:00;19,7
10/04/2024;10:00;19,8
10/04/2024;11:00;22,7
10/04/2024;12:00;23,6
10/04/2024;13:00;26
10/04/2024;14:00;27,3
10/04/2024;15:00;27,6
10/04/2024;16:00;30
10/04/2024;17:00;29,5
10/04/2024;18:00;24,7
10/04/2024;19:00;22,8
10/04/2024;20:00;22
10/04/2024;21:00;21,4
10/04/2024;22:00;21,4
10/04/2024;23:00;21,2
11/04/2024;00:00;21
11/04/2024;01:00;20,9
11/04/2024;02:00;20,7
11/04/2024;03:00;20,1
11/04/2024;04:00;19,6
11/04/2024;05:00;19,5
11/04/2024;06:00;19,3
11/04/2024;07:00;19,3
11/04/2024;08:00;19,6
11/04/2024;09:00;19,4
11/04/2024;10:00;19,7
11/04/2024;11:00;20,2
11/04/2024;12:00;21
11/04/2024;13:00;21,7
11/04/2024;14:00;22,4
11/04/2024;15:00;24,2
11/04/2024;16:00;24,9
11/04/2024;17:00;24,6
11/04/2024;18:00;23,4
11/04/2024;19:00;21,8
11/04/2024;20:00;20,6
11/04/2024;21:00;20,6
11/04/2024;22:00;20,5
11/04/2024;23:00;20,4
12/04/2024;00:00;20,3
12/04/2024;01:00;20,1
12/04/2024;02:00;20,2
12/04/2024;03:00;20,1
12/04/2024;04:00;20,3
12/04/2024;05:00;20,4
12/04/2024;06:00;20,4
12/04/2024;07:00;20,3
12/04/2024;08:00;20
12/04/2024;09:00;19,5
12/04/2024;10:00;19,5
12/04/2024;11:00;20,5
12/04/2024;12:00;21,9
12/04/2024;13:00;23,3
12/04/2024;14:00;24
12/04/2024;15:00;24,8
12/04/2024;16:00;24,9
12/04/2024;17:00;25,2
12/04/2024;18:00;24,9
12/04/2024;19:00;24,7
12/04/2024;20:00;23,1
12/04/2024;21:00;21,9
12/04/2024;22:00;21,1
12/04/2024;23:00;21
13/04/2024;00:00;20,8
13/04/2024;01:00;20,7
13/04/2024;02:00;20,8
13/04/2024;03:00;20,7
13/04/2024;04:00;20,6
13/04/2024;05:00;20,4
13/04/2024;06:00;20,3
13/04/2024;07:00;19,9
13/04/2024;08:00;19,5
13/04/2024;09:00;19,3
13/04/2024;10:00;19,4
13/04/2024;11:00;21,2
13/04/2024;12:00;23,2
13/04/2024;13:00;23,7
13/04/2024;14:00;26,2
13/04/2024;15:00;26,7
13/04/2024;16:00;27,5
13/04/2024;17:00;28
13/04/2024;18:00;26,7
13/04/2024;19:00;25,3
13/04/2024;20:00;23,6
13/04/2024;21:00;22
13/04/2024;22:00;21,7
13/04/2024;23:00;21,4
14/04/2024;00:00;21,1
14/04/2024;01:00;21,1
14/04/2024;02:00;21,1
14/04/2024;03:00;20,8
14/04/2024;04:00;20,7
14/04/2024;05:00;20,2
14/04/2024;06:00;20,2
14/04/2024;07:00;20
14/04/2024;08:00;20,7
14/04/2024;09:00;20,7
14/04/2024;10:00;20,9
14/04/2024;11:00;21,7
14/04/2024;12:00;23,1
14/04/2024;13:00;25
14/04/2024;14:00;26
14/04/2024;15:00;26,4
14/04/2024;16:00;26,1
14/04/2024;17:00;25,7
14/04/2024;18:00;25,3
14/04/2024;19:00;23,4
14/04/2024;20:00;22,6
14/04/2024;21:00;22,4
14/04/2024;22:00;22,1
14/04/2024;23:00;21,4
15/04/2024;00:00;21,1
15/04/2024;01:00;20,9
15/04/2024;02:00;20,8
15/04/2024;03:00;20,5
15/04/2024;04:00;20,5
15/04/2024;05:00;20,2
15/04/2024;06:00;20,5
15/04/2024;07:00;20,9
15/04/2024;08:00;21,2
15/04/2024;09:00;21
15/04/2024;10:00;20,8
15/04/2024;11:00;21
15/04/2024;12:00;21,7
15/04/2024;13:00;23
15/04/2024;14:00;24,9
15/04/2024;15:00;27,2
15/04/2024;16:00;28,9
15/04/2024;17:00;29,1
15/04/2024;18:00;27,5
15/04/2024;19:00;24,7
15/04/2024;20:00;22,4
15/04/2024;21:00;21
15/04/2024;22:00;21,2
15/04/2024;23:00;21,1
16/04/2024;00:00;20,6
16/04/2024;01:00;20,5
16/04/2024;02:00;20,6
16/04/2024;03:00;20,7
16/04/2024;04:00;20,7
16/04/2024;05:00;20,7
16/04/2024;06:00;20,7
16/04/2024;07:00;21
16/04/2024;08:00;21
16/04/2024;09:00;20,9
16/04/2024;10:00;20,9
16/04/2024;11:00;22,9
16/04/2024;12:00;24,4
16/04/2024;13:00;26,9
16/04/2024;14:00;28,5
16/04/2024;15:00;29,9
16/04/2024;16:00;30,3
16/04/2024;17:00;31,2
16/04/2024;18:00;29,1
16/04/2024;19:00;28,6
16/04/2024;20:00;28,7
16/04/2024;21:00;25
16/04/2024;22:00;24,1
16/04/2024;23:00;23,7
17/04/2024;00:00;23,4
17/04/2024;01:00;22,6
17/04/2024;02:00;22,2
17/04/2024;03:00;22,1
17/04/2024;04:00;22,1
17/04/2024;05:00;22,1
17/04/2024;06:00;22,4
17/04/2024;07:00;20,9
17/04/2024;08:00;20,9
17/04/2024;09:00;20,8
17/04/2024;10:00;21,1
17/04/2024;11:00;21,7
17/04/2024;12:00;23,5
17/04/2024;13:00;25,3
17/04/2024;14:00;27,6
17/04/2024;15:00;28,1
17/04/2024;16:00;29
17/04/2024;17:00;28,5
17/04/2024;18:00;28,6
17/04/2024;19:00;28,1
17/04/2024;20:00;27,1
17/04/2024;21:00;26,2
17/04/2024;22:00;25,1
17/04/2024;23:00;23
18/04/2024;00:00;21,8
18/04/2024;01:00;21,6
18/04/2024;02:00;20,9
18/04/2024;03:00;19,4
18/04/2024;04:00;18,5
18/04/2024;05:00;18,2
18/04/2024;06:00;17,7
18/04/2024;07:00;17,7
18/04/2024;08:00;17,4
18/04/2024;09:00;17,5
18/04/2024;10:00;17,4
18/04/2024;11:00;17,1
18/04/2024;12:00;17,3
18/04/2024;13:00;17,9
18/04/2024;14:00;18,4
18/04/2024;15:00;18,5
18/04/2024;16:00;18,4
18/04/2024;17:00;17,6
18/04/2024;18:00;17,8
18/04/2024;19:00;18,3
18/04/2024;20:00;18,2
18/04/2024;21:00;17,1
18/04/2024;22:00;16,9
18/04/2024;23:00;16,3
19/04/2024;00:00;16,4
19/04/2024;01:00;16,4
19/04/2024;02:00;16,5
19/04/2024;03:00;16,4
19/04/2024;04:00;15,7
19/04/2024;05:00;15,3
19/04/2024;06:00;15,4
19/04/2024;07:00;15,1
19/04/2024;08:00;15,1
19/04/2024;09:00;14,6
19/04/2024;10:00;14,4
19/04/2024;11:00;16,2
19/04/2024;12:00;17,9
19/04/2024;13:00;19,1
19/04/2024;14:00;20,3
19/04/2024;15:00;20,4
19/04/2024;16:00;20,7
19/04/2024;17:00;20,4
19/04/2024;18:00;20,6
19/04/2024;19:00;20
19/04/2024;20:00;18,9
19/04/2024;21:00;17,6
19/04/2024;22:00;16,8
19/04/2024;23:00;16,1
20/04/2024;00:00;16,3
20/04/2024;01:00;16,3
20/04/2024;02:00;16,4
20/04/2024;03:00;16,4
20/04/2024;04:00;16,5
20/04/2024;05:00;16,6
20/04/2024;06:00;16,6
20/04/2024;07:00;16,5
20/04/2024;08:00;16,6
20/04/2024;09:00;16,6
20/04/2024;10:00;16,5
20/04/2024;11:00;17,6
20/04/2024;12:00;19,4
20/04/2024;13:00;20,6
20/04/2024;14:00;22,5
20/04/2024;15:00;22,9
20/04/2024;16:00;23,6
20/04/2024;17:00;23,5
20/04/2024;18:00;22,3
20/04/2024;19:00;20,4
20/04/2024;20:00;19,7
20/04/2024;21:00;18,4
20/04/2024;22:00;17,8
20/04/2024;23:00;17,7
21/04/2024;00:00;17,6
21/04/2024;01:00;17,5
21/04/2024;02:00;17,4
21/04/2024;03:00;17,3
21/04/2024;04:00;17,2
21/04/2024;05:00;17,1
21/04/2024;06:00;16,9
21/04/2024;07:00;16,1
21/04/2024;08:00;16
21/04/2024;09:00;16,5
21/04/2024;10:00;16,8
21/04/2024;11:00;17,4
21/04/2024;12:00;19,2
21/04/2024;13:00;21,4
21/04/2024;14:00;23,5
21/04/2024;15:00;26
21/04/2024;16:00;27,5
21/04/2024;17:00;28
21/04/2024;18:00;28,9
21/04/2024;19:00;28,6
21/04/2024;20:00;22,9
21/04/2024;21:00;20,3
21/04/2024;22:00;19
21/04/2024;23:00;18,8
22/04/2024;00:00;18,1
22/04/2024;01:00;18
22/04/2024;02:00;18
22/04/2024;03:00;17,8
22/04/2024;04:00;17,7
22/04/2024;05:00;17,7
22/04/2024;06:00;18,1
22/04/2024;07:00;18,2
22/04/2024;08:00;18,1
22/04/2024;09:00;17,7
22/04/2024;10:00;17,5
22/04/2024;11:00;19
22/04/2024;12:00;21,7
22/04/2024;13:00;24,3
22/04/2024;14:00;26,3
22/04/2024;15:00;27,6
22/04/2024;16:00;28,5
22/04/2024;17:00;29,5
22/04/2024;18:00;29,6
22/04/2024;19:00;29,5
22/04/2024;20:00;28,9
22/04/2024;21:00;27,1
22/04/2024;22:00;22,3
22/04/2024;23:00;21,2
23/04/2024;00:00;20,4
23/04/2024;01:00;19,6
23/04/2024;02:00;19,8
23/04/2024;03:00;19,7
23/04/2024;04:00;20,1
23/04/2024;05:00;
23/04/2024;06:00;20,1
23/04/2024;07:00;18,7
23/04/2024;08:00;19,1
23/04/2024;09:00;19,3
23/04/2024;10:00;18,3
23/04/2024;11:00;20,5
23/04/2024;12:00;23,1
23/04/2024;13:00;26,4
23/04/2024;14:00;27,8
23/04/2024;15:00;29,3
23/04/2024;16:00;30,3
23/04/2024;17:00;30,4
23/04/2024;18:00;30,6
23/04/2024;19:00;30,4
23/04/2024;20:00;29,7
23/04/2024;21:00;28,8
23/04/2024;22:00;25,8
23/04/2024;23:00;24
24/04/2024;00:00;22,1
24/04/2024;01:00;22,2
24/04/2024;02:00;21,7
24/04/2024;03:00;20,7
24/04/2024;04:00;20,2
24/04/2024;05:00;19,6
24/04/2024;06:00;19,2
24/04/2024;07:00;19,4
24/04/2024;08:00;19,3
24/04/2024;09:00;18,2
24/04/2024;10:00;18,9
24/04/2024;11:00;22,2
24/04/2024;12:00;24,5
24/04/2024;13:00;26,8
24/04/2024;14:00;28,8
24/04/2024;15:00;29,5
24/04/2024;16:00;30,6
24/04/2024;17:00;30,5
24/04/2024;18:00;30,7
24/04/2024;19:00;29,9
24/04/2024;20:00;25,9
24/04/2024;21:00;24,5
24/04/2024;22:00;22,8
24/04/2024;23:00;21,6
25/04/2024;00:00;21,3
25/04/2024;01:00;20,6
25/04/2024;02:00;20,4
25/04/2024;03:00;20,4
25/04/2024;04:00;20,5
25/04/2024;05:00;20,4
25/04/2024;06:00;20,3
25/04/2024;07:00;20,2
25/04/2024;08:00;20,2
25/04/2024;09:00;19,9
25/04/2024;10:00;19,9
25/04/2024;11:00;22
25/04/2024;12:00;22,1
25/04/2024;13:00;23,2
25/04/2024;14:00;22,7
25/04/2024;15:00;23,3
25/04/2024;16:00;22,9
25/04/2024;17:00;22,6
25/04/2024;18:00;21,5
25/04/2024;19:00;21
25/04/2024;20:00;20,2
25/04/2024;21:00;20,2
25/04/2024;22:00;19,9
25/04/2024;23:00;19,6
26/04/2024;00:00;19,5
26/04/2024;01:00;19,3
26/04/2024;02:00;19,2
26/04/2024;03:00;19,1
26/04/2024;04:00;19,2
26/04/2024;05:00;19,2
26/04/2024;06:00;19,2
26/04/2024;07:00;19,2
26/04/2024;08:00;19,1
26/04/2024;09:00;19,2
26/04/2024;10:00;19,1
26/04/2024;11:00;19,9
26/04/2024;12:00;20,7
26/04/2024;13:00;22
26/04/2024;14:00;23,9
26/04/2024;15:00;24,9
26/04/2024;16:00;25,9
26/04/2024;17:00;25,8
26/04/2024;18:00;24,8
26/04/2024;19:00;23,2
26/04/2024;20:00;21,9
26/04/2024;21:00;21
26/04/2024;22:00;20,5
26/04/2024;23:00;20,1
27/04/2024;00:00;19,8
27/04/2024;01:00;19,2
27/04/2024;02:00;19
27/04/2024;03:00;19,2
27/04/2024;04:00;19,6
27/04/2024;05:00;19,9
27/04/2024;06:00;20,1
27/04/2024;07:00;20,1
27/04/2024;08:00;19,9
27/04/2024;09:00;19,7
27/04/2024;10:00;19,8
27/04/2024;11:00;21,8
27/04/2024;12:00;23,7
27/04/2024;13:00;26
27/04/2024;14:00;28,1
27/04/2024;15:00;29,9
27/04/2024;16:00;31,2
27/04/2024;17:00;31,6
27/04/2024;18:00;31,8
27/04/2024;19:00;31,6
27/04/2024;20:00;30,5
27/04/2024;21:00;29,3
27/04/2024;22:00;25,8
27/04/2024;23:00;25,1
28/04/2024;00:00;24,7
28/04/2024;01:00;23,6
28/04/2024;02:00;23,3
28/04/2024;03:00;23,2
28/04/2024;04:00;22,6
28/04/2024;05:00;21,5
28/04/2024;06:00;21,5
28/04/2024;07:00;20,9
28/04/2024;08:00;20,8
28/04/2024;09:00;20,6
28/04/2024;10:00;20,9
28/04/2024;11:00;24,1
28/04/2024;12:00;26
28/04/2024;13:00;27,8
28/04/2024;14:00;28,8
28/04/2024;15:00;30,4
28/04/2024;16:00;31,4
28/04/2024;17:00;31,8
28/04/2024;18:00;31,8
28/04/2024;19:00;31,4
28/04/2024;20:00;31,4
28/04/2024;21:00;28,5
28/04/2024;22:00;22,5
28/04/2024;23:00;21,6
29/04/2024;00:00;21,6
29/04/2024;01:00;21,2
29/04/2024;02:00;21,1
29/04/2024;03:00;20,9
29/04/2024;04:00;20,6
29/04/2024;05:00;19,9
29/04/2024;06:00;20
29/04/2024;07:00;20,2
29/04/2024;08:00;20,2
29/04/2024;09:00;20,5
29/04/2024;10:00;20,6
29/04/2024;11:00;21,3
29/04/2024;12:00;22,5
29/04/2024;13:00;24,7
29/04/2024;14:00;26,8
29/04/2024;15:00;28,5
29/04/2024;16:00;30,1
29/04/2024;17:00;30,5
29/04/2024;18:00;31,1
29/04/2024;19:00;30,7
29/04/2024;20:00;28,9
29/04/2024;21:00;24,5
29/04/2024;22:00;23,3
29/04/2024;23:00;22,6
30/04/2024;00:00;22,7
30/04/2024;01:00;22,5
30/04/2024;02:00;22,4
30/04/2024;03:00;23,9
30/04/2024;04:00;23,9
30/04/2024;05:00;23,8
30/04/2024;06:00;23,2
30/04/2024;07:00;22,4
30/04/2024;08:00;22
30/04/2024;09:00;21,6
30/04/2024;10:00;21,2
30/04/2024;11:00;23,1
30/04/2024;12:00;25,6
30/04/2024;13:00;27,8
30/04/2024;14:00;29,2
30/04/2024;15:00;31
30/04/2024;16:00;31,6
30/04/2024;17:00;31,6
30/04/2024;18:00;32,1
30/04/2024;19:00;32,3
30/04/2024;20:00;31,1
30/04/2024;21:00;28,9
30/04/2024;22:00;26,9
30/04/2024;23:00;25,5
